case	kind	index	ah	av	lh	lv	rh	rv
FDP.grid('fx')	S	0	100	100	100	100	100	100
FDP.grid('fx')	S	1	150	100	150	100	150	100
FDP.grid('fx')	S	2	210	100	210	100	210	100
FDP.grid('fx')	S	3	260	100	260	100	260	100
FDP.grid('fx')	S	4	330	100	330	100	330	100
FDP.grid('fx')	S	5	400	100	400	100	400	100
FDP.grid('fx')	S	6	400	140	400	140	400	140
FDP.grid('fx')	S	7	330	140	330	140	330	140
FDP.grid('fx')	S	8	260	140	260	140	260	140
FDP.grid('fx')	S	9	210	140	210	140	210	140
FDP.grid('fx')	S	10	150	140	150	140	150	140
FDP.grid('fx')	S	11	100	140	100	140	100	140
FDP.grid('fx')	S	12	100	190	100	190	100	190
FDP.grid('fx')	S	13	150	190	150	190	150	190
FDP.grid('fx')	S	14	210	190	210	190	210	190
FDP.grid('fx')	S	15	260	190	260	190	260	190
FDP.grid('fx')	S	16	330	190	330	190	330	190
FDP.grid('fx')	S	17	400	190	400	190	400	190
FDP.grid('fx')	S	18	400	250	400	250	400	250
FDP.grid('fx')	S	19	330	250	330	250	330	250
FDP.grid('fx')	S	20	260	250	260	250	260	250
FDP.grid('fx')	S	21	210	250	210	250	210	250
FDP.grid('fx')	S	22	150	250	150	250	150	250
FDP.grid('fx')	S	23	100	250	100	250	100	250
FDP.grid('fx')	S	24	100	300	100	300	100	300
FDP.grid('fx')	S	25	150	300	150	300	150	300
FDP.grid('fx')	S	26	210	300	210	300	210	300
FDP.grid('fx')	S	27	260	300	260	300	260	300
FDP.grid('fx')	S	28	330	300	330	300	330	300
FDP.grid('fx')	S	29	400	300	400	300	400	300
rect-bounds-general	R	0	70	80	70	80	70	80
rect-bounds-general	R	1	120	88.333333333	120	88.333333333	120	88.333333333
rect-bounds-general	R	2	180	98.333333333	180	98.333333333	180	98.333333333
rect-bounds-general	R	3	230	106.666666667	230	106.666666667	230	106.666666667
rect-bounds-general	R	4	300	118.333333333	300	118.333333333	300	118.333333333
rect-bounds-general	R	5	370	130	370	130	370	130
rect-bounds-general	R	6	386	162	386	162	386	162
rect-bounds-general	R	7	315.066666667	155.466666667	315.066666667	155.466666667	315.066666667	155.466666667
rect-bounds-general	R	8	244.133333333	148.933333333	244.133333333	148.933333333	244.133333333	148.933333333
rect-bounds-general	R	9	193.466666667	144.266666667	193.466666667	144.266666667	193.466666667	144.266666667
rect-bounds-general	R	10	132.666666667	138.666666667	132.666666667	138.666666667	132.666666667	138.666666667
rect-bounds-general	R	11	82	134	82	134	82	134
rect-bounds-general	R	12	97	201.5	97	201.5	97	201.5
rect-bounds-general	R	13	148.5	201.583333333	148.5	201.583333333	148.5	201.583333333
rect-bounds-general	R	14	210.3	201.683333333	210.3	201.683333333	210.3	201.683333333
rect-bounds-general	R	15	261.8	201.766666667	261.8	201.766666667	261.8	201.766666667
rect-bounds-general	R	16	333.9	201.883333333	333.9	201.883333333	333.9	201.883333333
rect-bounds-general	R	17	406	202	406	202	406	202
rect-bounds-general	R	18	430	250	430	250	430	250
rect-bounds-general	R	19	356.5	257.583333333	356.5	257.583333333	356.5	257.583333333
rect-bounds-general	R	20	283	265.166666667	283	265.166666667	283	265.166666667
rect-bounds-general	R	21	230.5	270.583333333	230.5	270.583333333	230.5	270.583333333
rect-bounds-general	R	22	167.5	277.083333333	167.5	277.083333333	167.5	277.083333333
rect-bounds-general	R	23	115	282.5	115	282.5	115	282.5
rect-bounds-general	R	24	130	350	130	350	130	350
rect-bounds-general	R	25	183.333333333	340	183.333333333	340	183.333333333	340
rect-bounds-general	R	26	247.333333333	328	247.333333333	328	247.333333333	328
rect-bounds-general	R	27	300.666666667	318	300.666666667	318	300.666666667	318
rect-bounds-general	R	28	375.333333333	304	375.333333333	304	375.333333333	304
rect-bounds-general	R	29	450	290	450	290	450	290
rect-inset-general	R	0	42.307692308	64.705882353	42.307692308	64.705882353	42.307692308	64.705882353
rect-inset-general	R	1	100	74.509803922	100	74.509803922	100	74.509803922
rect-inset-general	R	2	169.230769231	86.274509804	169.230769231	86.274509804	169.230769231	86.274509804
rect-inset-general	R	3	226.923076923	96.078431373	226.923076923	96.078431373	226.923076923	96.078431373
rect-inset-general	R	4	307.692307692	109.803921569	307.692307692	109.803921569	307.692307692	109.803921569
rect-inset-general	R	5	388.461538462	123.529411765	388.461538462	123.529411765	388.461538462	123.529411765
rect-inset-general	R	6	406.923076923	161.176470588	406.923076923	161.176470588	406.923076923	161.176470588
rect-inset-general	R	7	325.076923077	153.490196078	325.076923077	153.490196078	325.076923077	153.490196078
rect-inset-general	R	8	243.230769231	145.803921569	243.230769231	145.803921569	243.230769231	145.803921569
rect-inset-general	R	9	184.769230769	140.31372549	184.769230769	140.31372549	184.769230769	140.31372549
rect-inset-general	R	10	114.615384615	133.725490196	114.615384615	133.725490196	114.615384615	133.725490196
rect-inset-general	R	11	56.153846154	128.235294118	56.153846154	128.235294118	56.153846154	128.235294118
rect-inset-general	R	12	73.461538462	207.647058824	73.461538462	207.647058824	73.461538462	207.647058824
rect-inset-general	R	13	132.884615385	207.745098039	132.884615385	207.745098039	132.884615385	207.745098039
rect-inset-general	R	14	204.192307692	207.862745098	204.192307692	207.862745098	204.192307692	207.862745098
rect-inset-general	R	15	263.615384615	207.960784314	263.615384615	207.960784314	263.615384615	207.960784314
rect-inset-general	R	16	346.807692308	208.098039216	346.807692308	208.098039216	346.807692308	208.098039216
rect-inset-general	R	17	430	208.235294118	430	208.235294118	430	208.235294118
rect-inset-general	R	18	457.692307692	264.705882353	457.692307692	264.705882353	457.692307692	264.705882353
rect-inset-general	R	19	372.884615385	273.62745098	372.884615385	273.62745098	372.884615385	273.62745098
rect-inset-general	R	20	288.076923077	282.549019608	288.076923077	282.549019608	288.076923077	282.549019608
rect-inset-general	R	21	227.5	288.921568627	227.5	288.921568627	227.5	288.921568627
rect-inset-general	R	22	154.807692308	296.568627451	154.807692308	296.568627451	154.807692308	296.568627451
rect-inset-general	R	23	94.230769231	302.941176471	94.230769231	302.941176471	94.230769231	302.941176471
rect-inset-general	R	24	111.538461538	382.352941176	111.538461538	382.352941176	111.538461538	382.352941176
rect-inset-general	R	25	173.076923077	370.588235294	173.076923077	370.588235294	173.076923077	370.588235294
rect-inset-general	R	26	246.923076923	356.470588235	246.923076923	356.470588235	246.923076923	356.470588235
rect-inset-general	R	27	308.461538462	344.705882353	308.461538462	344.705882353	308.461538462	344.705882353
rect-inset-general	R	28	394.615384615	328.235294118	394.615384615	328.235294118	394.615384615	328.235294118
rect-inset-general	R	29	480.769230769	311.764705882	480.769230769	311.764705882	480.769230769	311.764705882
src-key0+37	R	0	100	100	100	100	100	100
src-key0+37	R	1	150	100	150	100	150	100
src-key0+37	R	2	210	100	210	100	210	100
src-key0+37	R	3	260	100	260	100	260	100
src-key0+37	R	4	330	100	330	100	330	100
src-key0+37	R	5	400	100	400	100	400	100
src-key0+37	R	6	400	140	400	140	400	140
src-key0+37	R	7	328.030418251	140	328.030418251	140	328.030418251	140
src-key0+37	R	8	256.060836502	140	256.060836502	140	256.060836502	140
src-key0+37	R	9	204.653992395	140	204.653992395	140	204.653992395	140
src-key0+37	R	10	142.965779468	140	142.965779468	140	142.965779468	140
src-key0+37	R	11	91.558935361	140	91.558935361	140	91.558935361	140
src-key0+37	R	12	81.007604563	190	81.007604563	190	81.007604563	190
src-key0+37	R	13	134.173003802	190	134.173003802	190	134.173003802	190
src-key0+37	R	14	197.97148289	190	197.97148289	190	197.97148289	190
src-key0+37	R	15	251.136882129	190	251.136882129	190	251.136882129	190
src-key0+37	R	16	325.568441065	190	325.568441065	190	325.568441065	190
src-key0+37	R	17	400	190	400	190	400	190
src-key0+37	R	18	400	250	400	250	400	250
src-key0+37	R	19	322.614068441	250	322.614068441	250	322.614068441	250
src-key0+37	R	20	245.228136882	250	245.228136882	250	245.228136882	250
src-key0+37	R	21	189.952471483	250	189.952471483	250	189.952471483	250
src-key0+37	R	22	123.621673004	250	123.621673004	250	123.621673004	250
src-key0+37	R	23	68.346007605	250	68.346007605	250	68.346007605	250
src-key0+37	R	24	57.794676806	300	57.794676806	300	57.794676806	300
src-key0+37	R	25	114.828897338	300	114.828897338	300	114.828897338	300
src-key0+37	R	26	183.269961977	300	183.269961977	300	183.269961977	300
src-key0+37	R	27	240.30418251	300	240.30418251	300	240.30418251	300
src-key0+37	R	28	320.152091255	300	320.152091255	300	320.152091255	300
src-key0+37	R	29	400	300	400	300	400	300
src-key0-37	R	0	100	100	100	100	100	100
src-key0-37	R	1	150	100	150	100	150	100
src-key0-37	R	2	210	100	210	100	210	100
src-key0-37	R	3	260	100	260	100	260	100
src-key0-37	R	4	330	100	330	100	330	100
src-key0-37	R	5	400	100	400	100	400	100
src-key0-37	R	6	400	140	400	140	400	140
src-key0-37	R	7	331.537091988	140	331.537091988	140	331.537091988	140
src-key0-37	R	8	263.074183976	140	263.074183976	140	263.074183976	140
src-key0-37	R	9	214.172106825	140	214.172106825	140	214.172106825	140
src-key0-37	R	10	155.489614243	140	155.489614243	140	155.489614243	140
src-key0-37	R	11	106.587537092	140	106.587537092	140	106.587537092	140
src-key0-37	R	12	114.821958457	190	114.821958457	190	114.821958457	190
src-key0-37	R	13	162.351632047	190	162.351632047	190	162.351632047	190
src-key0-37	R	14	219.387240356	190	219.387240356	190	219.387240356	190
src-key0-37	R	15	266.916913947	190	266.916913947	190	266.916913947	190
src-key0-37	R	16	333.458456973	190	333.458456973	190	333.458456973	190
src-key0-37	R	17	400	190	400	190	400	190
src-key0-37	R	18	400	250	400	250	400	250
src-key0-37	R	19	335.764094955	250	335.764094955	250	335.764094955	250
src-key0-37	R	20	271.528189911	250	271.528189911	250	271.528189911	250
src-key0-37	R	21	225.645400593	250	225.645400593	250	225.645400593	250
src-key0-37	R	22	170.586053412	250	170.586053412	250	170.586053412	250
src-key0-37	R	23	124.703264095	250	124.703264095	250	124.703264095	250
src-key0-37	R	24	132.93768546	300	132.93768546	300	132.93768546	300
src-key0-37	R	25	177.448071217	300	177.448071217	300	177.448071217	300
src-key0-37	R	26	230.860534125	300	230.860534125	300	230.860534125	300
src-key0-37	R	27	275.370919881	300	275.370919881	300	275.370919881	300
src-key0-37	R	28	337.685459941	300	337.685459941	300	337.685459941	300
src-key0-37	R	29	400	300	400	300	400	300
src-key1+37	R	0	100	100	100	100	100	100
src-key1+37	R	1	150	100	150	100	150	100
src-key1+37	R	2	210	100	210	100	210	100
src-key1+37	R	3	260	100	260	100	260	100
src-key1+37	R	4	330	100	330	100	330	100
src-key1+37	R	5	400	100	400	100	400	100
src-key1+37	R	6	400	140	400	140	400	140
src-key1+37	R	7	330	138.542897328	330	138.542897328	330	138.542897328
src-key1+37	R	8	260	137.085794655	260	137.085794655	260	137.085794655
src-key1+37	R	9	210	136.045007032	210	136.045007032	210	136.045007032
src-key1+37	R	10	150	134.796061885	150	134.796061885	150	134.796061885
src-key1+37	R	11	100	133.755274262	100	133.755274262	100	133.755274262
src-key1+37	R	12	100	175.949367089	100	175.949367089	100	175.949367089
src-key1+37	R	13	150	178.291139241	150	178.291139241	150	178.291139241
src-key1+37	R	14	210	181.101265823	210	181.101265823	210	181.101265823
src-key1+37	R	15	260	183.443037975	260	183.443037975	260	183.443037975
src-key1+37	R	16	330	186.721518987	330	186.721518987	330	186.721518987
src-key1+37	R	17	400	190	400	190	400	190
src-key1+37	R	18	400	250	400	250	400	250
src-key1+37	R	19	330	244.535864979	330	244.535864979	330	244.535864979
src-key1+37	R	20	260	239.071729958	260	239.071729958	260	239.071729958
src-key1+37	R	21	210	235.168776371	210	235.168776371	210	235.168776371
src-key1+37	R	22	150	230.485232068	150	230.485232068	150	230.485232068
src-key1+37	R	23	100	226.582278481	100	226.582278481	100	226.582278481
src-key1+37	R	24	100	268.776371308	100	268.776371308	100	268.776371308
src-key1+37	R	25	150	273.980309423	150	273.980309423	150	273.980309423
src-key1+37	R	26	210	280.225035162	210	280.225035162	210	280.225035162
src-key1+37	R	27	260	285.428973277	260	285.428973277	260	285.428973277
src-key1+37	R	28	330	292.714486639	330	292.714486639	330	292.714486639
src-key1+37	R	29	400	300	400	300	400	300
src-key1-37	R	0	100	100	100	100	100	100
src-key1-37	R	1	150	100	150	100	150	100
src-key1-37	R	2	210	100	210	100	210	100
src-key1-37	R	3	260	100	260	100	260	100
src-key1-37	R	4	330	100	330	100	330	100
src-key1-37	R	5	400	100	400	100	400	100
src-key1-37	R	6	400	140	400	140	400	140
src-key1-37	R	7	330	142.118609407	330	142.118609407	330	142.118609407
src-key1-37	R	8	260	144.237218814	260	144.237218814	260	144.237218814
src-key1-37	R	9	210	145.750511247	210	145.750511247	210	145.750511247
src-key1-37	R	10	150	147.566462168	150	147.566462168	150	147.566462168
src-key1-37	R	11	100	149.079754601	100	149.079754601	100	149.079754601
src-key1-37	R	12	100	210.429447853	100	210.429447853	100	210.429447853
src-key1-37	R	13	150	207.024539877	150	207.024539877	150	207.024539877
src-key1-37	R	14	210	202.938650307	210	202.938650307	210	202.938650307
src-key1-37	R	15	260	199.533742331	260	199.533742331	260	199.533742331
src-key1-37	R	16	330	194.766871166	330	194.766871166	330	194.766871166
src-key1-37	R	17	400	190	400	190	400	190
src-key1-37	R	18	400	250	400	250	400	250
src-key1-37	R	19	330	257.944785276	330	257.944785276	330	257.944785276
src-key1-37	R	20	260	265.889570552	260	265.889570552	260	265.889570552
src-key1-37	R	21	210	271.564417178	210	271.564417178	210	271.564417178
src-key1-37	R	22	150	278.374233129	150	278.374233129	150	278.374233129
src-key1-37	R	23	100	284.049079755	100	284.049079755	100	284.049079755
src-key1-37	R	24	100	345.398773006	100	345.398773006	100	345.398773006
src-key1-37	R	25	150	337.832310838	150	337.832310838	150	337.832310838
src-key1-37	R	26	210	328.752556237	210	328.752556237	210	328.752556237
src-key1-37	R	27	260	321.18609407	260	321.18609407	260	321.18609407
src-key1-37	R	28	330	310.593047035	330	310.593047035	330	310.593047035
src-key1-37	R	29	400	300	400	300	400	300
src-key2+37	R	0	100	100	100	100	100	100
src-key2+37	R	1	150	100	150	100	150	100
src-key2+37	R	2	210	100	210	100	210	100
src-key2+37	R	3	260	100	260	100	260	100
src-key2+37	R	4	330	100	330	100	330	100
src-key2+37	R	5	400	100	400	100	400	100
src-key2+37	R	6	393.412462908	140	393.412462908	140	393.412462908	140
src-key2+37	R	7	324.949554896	140	324.949554896	140	324.949554896	140
src-key2+37	R	8	256.486646884	140	256.486646884	140	256.486646884	140
src-key2+37	R	9	207.584569733	140	207.584569733	140	207.584569733	140
src-key2+37	R	10	148.902077151	140	148.902077151	140	148.902077151	140
src-key2+37	R	11	100	140	100	140	100	140
src-key2+37	R	12	100	190	100	190	100	190
src-key2+37	R	13	147.529673591	190	147.529673591	190	147.529673591	190
src-key2+37	R	14	204.565281899	190	204.565281899	190	204.565281899	190
src-key2+37	R	15	252.09495549	190	252.09495549	190	252.09495549	190
src-key2+37	R	16	318.636498516	190	318.636498516	190	318.636498516	190
src-key2+37	R	17	385.178041543	190	385.178041543	190	385.178041543	190
src-key2+37	R	18	375.296735905	250	375.296735905	250	375.296735905	250
src-key2+37	R	19	311.060830861	250	311.060830861	250	311.060830861	250
src-key2+37	R	20	246.824925816	250	246.824925816	250	246.824925816	250
src-key2+37	R	21	200.942136499	250	200.942136499	250	200.942136499	250
src-key2+37	R	22	145.882789318	250	145.882789318	250	145.882789318	250
src-key2+37	R	23	100	250	100	250	100	250
src-key2+37	R	24	100	300	100	300	100	300
src-key2+37	R	25	144.510385757	300	144.510385757	300	144.510385757	300
src-key2+37	R	26	197.922848665	300	197.922848665	300	197.922848665	300
src-key2+37	R	27	242.433234421	300	242.433234421	300	242.433234421	300
src-key2+37	R	28	304.747774481	300	304.747774481	300	304.747774481	300
src-key2+37	R	29	367.06231454	300	367.06231454	300	367.06231454	300
src-key2-37	R	0	100	100	100	100	100	100
src-key2-37	R	1	150	100	150	100	150	100
src-key2-37	R	2	210	100	210	100	210	100
src-key2-37	R	3	260	100	260	100	260	100
src-key2-37	R	4	330	100	330	100	330	100
src-key2-37	R	5	400	100	400	100	400	100
src-key2-37	R	6	408.441064639	140	408.441064639	140	408.441064639	140
src-key2-37	R	7	336.47148289	140	336.47148289	140	336.47148289	140
src-key2-37	R	8	264.501901141	140	264.501901141	140	264.501901141	140
src-key2-37	R	9	213.095057034	140	213.095057034	140	213.095057034	140
src-key2-37	R	10	151.406844106	140	151.406844106	140	151.406844106	140
src-key2-37	R	11	100	140	100	140	100	140
src-key2-37	R	12	100	190	100	190	100	190
src-key2-37	R	13	153.16539924	190	153.16539924	190	153.16539924	190
src-key2-37	R	14	216.963878327	190	216.963878327	190	216.963878327	190
src-key2-37	R	15	270.129277567	190	270.129277567	190	270.129277567	190
src-key2-37	R	16	344.560836502	190	344.560836502	190	344.560836502	190
src-key2-37	R	17	418.992395437	190	418.992395437	190	418.992395437	190
src-key2-37	R	18	431.653992395	250	431.653992395	250	431.653992395	250
src-key2-37	R	19	354.268060837	250	354.268060837	250	354.268060837	250
src-key2-37	R	20	276.882129278	250	276.882129278	250	276.882129278	250
src-key2-37	R	21	221.606463878	250	221.606463878	250	221.606463878	250
src-key2-37	R	22	155.275665399	250	155.275665399	250	155.275665399	250
src-key2-37	R	23	100	250	100	250	100	250
src-key2-37	R	24	100	300	100	300	100	300
src-key2-37	R	25	157.034220532	300	157.034220532	300	157.034220532	300
src-key2-37	R	26	225.475285171	300	225.475285171	300	225.475285171	300
src-key2-37	R	27	282.509505703	300	282.509505703	300	282.509505703	300
src-key2-37	R	28	362.357414449	300	362.357414449	300	362.357414449	300
src-key2-37	R	29	442.205323194	300	442.205323194	300	442.205323194	300
src-key3+37	R	0	100	100	100	100	100	100
src-key3+37	R	1	150	100	150	100	150	100
src-key3+37	R	2	210	100	210	100	210	100
src-key3+37	R	3	260	100	260	100	260	100
src-key3+37	R	4	330	100	330	100	330	100
src-key3+37	R	5	400	100	400	100	400	100
src-key3+37	R	6	400	132.6	400	132.6	400	132.6
src-key3+37	R	7	330	134.326666667	330	134.326666667	330	134.326666667
src-key3+37	R	8	260	136.053333333	260	136.053333333	260	136.053333333
src-key3+37	R	9	210	137.286666667	210	137.286666667	210	137.286666667
src-key3+37	R	10	150	138.766666667	150	138.766666667	150	138.766666667
src-key3+37	R	11	100	140	100	140	100	140
src-key3+37	R	12	100	190	100	190	100	190
src-key3+37	R	13	150	187.225	150	187.225	150	187.225
src-key3+37	R	14	210	183.895	210	183.895	210	183.895
src-key3+37	R	15	260	181.12	260	181.12	260	181.12
src-key3+37	R	16	330	177.235	330	177.235	330	177.235
src-key3+37	R	17	400	173.35	400	173.35	400	173.35
src-key3+37	R	18	400	222.25	400	222.25	400	222.25
src-key3+37	R	19	330	228.725	330	228.725	330	228.725
src-key3+37	R	20	260	235.2	260	235.2	260	235.2
src-key3+37	R	21	210	239.825	210	239.825	210	239.825
src-key3+37	R	22	150	245.375	150	245.375	150	245.375
src-key3+37	R	23	100	250	100	250	100	250
src-key3+37	R	24	100	300	100	300	100	300
src-key3+37	R	25	150	293.833333333	150	293.833333333	150	293.833333333
src-key3+37	R	26	210	286.433333333	210	286.433333333	210	286.433333333
src-key3+37	R	27	260	280.266666667	260	280.266666667	260	280.266666667
src-key3+37	R	28	330	271.633333333	330	271.633333333	330	271.633333333
src-key3+37	R	29	400	263	400	263	400	263
src-key3-37	R	0	100	100	100	100	100	100
src-key3-37	R	1	150	100	150	100	150	100
src-key3-37	R	2	210	100	210	100	210	100
src-key3-37	R	3	260	100	260	100	260	100
src-key3-37	R	4	330	100	330	100	330	100
src-key3-37	R	5	400	100	400	100	400	100
src-key3-37	R	6	400	147.4	400	147.4	400	147.4
src-key3-37	R	7	330	145.673333333	330	145.673333333	330	145.673333333
src-key3-37	R	8	260	143.946666667	260	143.946666667	260	143.946666667
src-key3-37	R	9	210	142.713333333	210	142.713333333	210	142.713333333
src-key3-37	R	10	150	141.233333333	150	141.233333333	150	141.233333333
src-key3-37	R	11	100	140	100	140	100	140
src-key3-37	R	12	100	190	100	190	100	190
src-key3-37	R	13	150	192.775	150	192.775	150	192.775
src-key3-37	R	14	210	196.105	210	196.105	210	196.105
src-key3-37	R	15	260	198.88	260	198.88	260	198.88
src-key3-37	R	16	330	202.765	330	202.765	330	202.765
src-key3-37	R	17	400	206.65	400	206.65	400	206.65
src-key3-37	R	18	400	277.75	400	277.75	400	277.75
src-key3-37	R	19	330	271.275	330	271.275	330	271.275
src-key3-37	R	20	260	264.8	260	264.8	260	264.8
src-key3-37	R	21	210	260.175	210	260.175	210	260.175
src-key3-37	R	22	150	254.625	150	254.625	150	254.625
src-key3-37	R	23	100	250	100	250	100	250
src-key3-37	R	24	100	300	100	300	100	300
src-key3-37	R	25	150	306.166666667	150	306.166666667	150	306.166666667
src-key3-37	R	26	210	313.566666667	210	313.566666667	210	313.566666667
src-key3-37	R	27	260	319.733333333	260	319.733333333	260	319.733333333
src-key3-37	R	28	330	328.366666667	330	328.366666667	330	328.366666667
src-key3-37	R	29	400	337	400	337	400	337
src-key4+37	R	0	63	100	63	100	63	100
src-key4+37	R	1	119.166666667	100	119.166666667	100	119.166666667	100
src-key4+37	R	2	186.566666667	100	186.566666667	100	186.566666667	100
src-key4+37	R	3	242.733333333	100	242.733333333	100	242.733333333	100
src-key4+37	R	4	321.366666667	100	321.366666667	100	321.366666667	100
src-key4+37	R	5	400	100	400	100	400	100
src-key4+37	R	6	400	140	400	140	400	140
src-key4+37	R	7	323.093333333	140	323.093333333	140	323.093333333	140
src-key4+37	R	8	246.186666667	140	246.186666667	140	246.186666667	140
src-key4+37	R	9	191.253333333	140	191.253333333	140	191.253333333	140
src-key4+37	R	10	125.333333333	140	125.333333333	140	125.333333333	140
src-key4+37	R	11	70.4	140	70.4	140	70.4	140
src-key4+37	R	12	79.65	190	79.65	190	79.65	190
src-key4+37	R	13	133.041666667	190	133.041666667	190	133.041666667	190
src-key4+37	R	14	197.111666667	190	197.111666667	190	197.111666667	190
src-key4+37	R	15	250.503333333	190	250.503333333	190	250.503333333	190
src-key4+37	R	16	325.251666667	190	325.251666667	190	325.251666667	190
src-key4+37	R	17	400	190	400	190	400	190
src-key4+37	R	18	400	250	400	250	400	250
src-key4+37	R	19	327.841666667	250	327.841666667	250	327.841666667	250
src-key4+37	R	20	255.683333333	250	255.683333333	250	255.683333333	250
src-key4+37	R	21	204.141666667	250	204.141666667	250	204.141666667	250
src-key4+37	R	22	142.291666667	250	142.291666667	250	142.291666667	250
src-key4+37	R	23	90.75	250	90.75	250	90.75	250
src-key4+37	R	24	100	300	100	300	100	300
src-key4+37	R	25	150	300	150	300	150	300
src-key4+37	R	26	210	300	210	300	210	300
src-key4+37	R	27	260	300	260	300	260	300
src-key4+37	R	28	330	300	330	300	330	300
src-key4+37	R	29	400	300	400	300	400	300
src-key4-37	R	0	137	100	137	100	137	100
src-key4-37	R	1	180.833333333	100	180.833333333	100	180.833333333	100
src-key4-37	R	2	233.433333333	100	233.433333333	100	233.433333333	100
src-key4-37	R	3	277.266666667	100	277.266666667	100	277.266666667	100
src-key4-37	R	4	338.633333333	100	338.633333333	100	338.633333333	100
src-key4-37	R	5	400	100	400	100	400	100
src-key4-37	R	6	400	140	400	140	400	140
src-key4-37	R	7	336.906666667	140	336.906666667	140	336.906666667	140
src-key4-37	R	8	273.813333333	140	273.813333333	140	273.813333333	140
src-key4-37	R	9	228.746666667	140	228.746666667	140	228.746666667	140
src-key4-37	R	10	174.666666667	140	174.666666667	140	174.666666667	140
src-key4-37	R	11	129.6	140	129.6	140	129.6	140
src-key4-37	R	12	120.35	190	120.35	190	120.35	190
src-key4-37	R	13	166.958333333	190	166.958333333	190	166.958333333	190
src-key4-37	R	14	222.888333333	190	222.888333333	190	222.888333333	190
src-key4-37	R	15	269.496666667	190	269.496666667	190	269.496666667	190
src-key4-37	R	16	334.748333333	190	334.748333333	190	334.748333333	190
src-key4-37	R	17	400	190	400	190	400	190
src-key4-37	R	18	400	250	400	250	400	250
src-key4-37	R	19	332.158333333	250	332.158333333	250	332.158333333	250
src-key4-37	R	20	264.316666667	250	264.316666667	250	264.316666667	250
src-key4-37	R	21	215.858333333	250	215.858333333	250	215.858333333	250
src-key4-37	R	22	157.708333333	250	157.708333333	250	157.708333333	250
src-key4-37	R	23	109.25	250	109.25	250	109.25	250
src-key4-37	R	24	100	300	100	300	100	300
src-key4-37	R	25	150	300	150	300	150	300
src-key4-37	R	26	210	300	210	300	210	300
src-key4-37	R	27	260	300	260	300	260	300
src-key4-37	R	28	330	300	330	300	330	300
src-key4-37	R	29	400	300	400	300	400	300
src-key5+37	R	0	100	54.601226994	100	54.601226994	100	54.601226994
src-key5+37	R	1	150	62.167689162	150	62.167689162	150	62.167689162
src-key5+37	R	2	210	71.247443763	210	71.247443763	210	71.247443763
src-key5+37	R	3	260	78.81390593	260	78.81390593	260	78.81390593
src-key5+37	R	4	330	89.406952965	330	89.406952965	330	89.406952965
src-key5+37	R	5	400	100	400	100	400	100
src-key5+37	R	6	400	140	400	140	400	140
src-key5+37	R	7	330	131.525562372	330	131.525562372	330	131.525562372
src-key5+37	R	8	260	123.051124744	260	123.051124744	260	123.051124744
src-key5+37	R	9	210	116.99795501	210	116.99795501	210	116.99795501
src-key5+37	R	10	150	109.734151329	150	109.734151329	150	109.734151329
src-key5+37	R	11	100	103.680981595	100	103.680981595	100	103.680981595
src-key5+37	R	12	100	165.030674847	100	165.030674847	100	165.030674847
src-key5+37	R	13	150	169.192229039	150	169.192229039	150	169.192229039
src-key5+37	R	14	210	174.18609407	210	174.18609407	210	174.18609407
src-key5+37	R	15	260	178.347648262	260	178.347648262	260	178.347648262
src-key5+37	R	16	330	184.173824131	330	184.173824131	330	184.173824131
src-key5+37	R	17	400	190	400	190	400	190
src-key5+37	R	18	400	250	400	250	400	250
src-key5+37	R	19	330	247.351738241	330	247.351738241	330	247.351738241
src-key5+37	R	20	260	244.703476483	260	244.703476483	260	244.703476483
src-key5+37	R	21	210	242.811860941	210	242.811860941	210	242.811860941
src-key5+37	R	22	150	240.54192229	150	240.54192229	150	240.54192229
src-key5+37	R	23	100	238.650306748	100	238.650306748	100	238.650306748
src-key5+37	R	24	100	300	100	300	100	300
src-key5+37	R	25	150	300	150	300	150	300
src-key5+37	R	26	210	300	210	300	210	300
src-key5+37	R	27	260	300	260	300	260	300
src-key5+37	R	28	330	300	330	300	330	300
src-key5+37	R	29	400	300	400	300	400	300
src-key5-37	R	0	100	131.223628692	100	131.223628692	100	131.223628692
src-key5-37	R	1	150	126.019690577	150	126.019690577	150	126.019690577
src-key5-37	R	2	210	119.774964838	210	119.774964838	210	119.774964838
src-key5-37	R	3	260	114.571026723	260	114.571026723	260	114.571026723
src-key5-37	R	4	330	107.285513361	330	107.285513361	330	107.285513361
src-key5-37	R	5	400	100	400	100	400	100
src-key5-37	R	6	400	140	400	140	400	140
src-key5-37	R	7	330	145.828410689	330	145.828410689	330	145.828410689
src-key5-37	R	8	260	151.656821378	260	151.656821378	260	151.656821378
src-key5-37	R	9	210	155.819971871	210	155.819971871	210	155.819971871
src-key5-37	R	10	150	160.815752461	150	160.815752461	150	160.815752461
src-key5-37	R	11	100	164.978902954	100	164.978902954	100	164.978902954
src-key5-37	R	12	100	207.172995781	100	207.172995781	100	207.172995781
src-key5-37	R	13	150	204.310829817	150	204.310829817	150	204.310829817
src-key5-37	R	14	210	200.876230661	210	200.876230661	210	200.876230661
src-key5-37	R	15	260	198.014064698	260	198.014064698	260	198.014064698
src-key5-37	R	16	330	194.007032349	330	194.007032349	330	194.007032349
src-key5-37	R	17	400	190	400	190	400	190
src-key5-37	R	18	400	250	400	250	400	250
src-key5-37	R	19	330	251.82137834	330	251.82137834	330	251.82137834
src-key5-37	R	20	260	253.642756681	260	253.642756681	260	253.642756681
src-key5-37	R	21	210	254.94374121	210	254.94374121	210	254.94374121
src-key5-37	R	22	150	256.504922644	150	256.504922644	150	256.504922644
src-key5-37	R	23	100	257.805907173	100	257.805907173	100	257.805907173
src-key5-37	R	24	100	300	100	300	100	300
src-key5-37	R	25	150	300	150	300	150	300
src-key5-37	R	26	210	300	210	300	210	300
src-key5-37	R	27	260	300	260	300	260	300
src-key5-37	R	28	330	300	330	300	330	300
src-key5-37	R	29	400	300	400	300	400	300
src-key6+37	R	0	100	100	100	100	100	100
src-key6+37	R	1	143.833333333	100	143.833333333	100	143.833333333	100
src-key6+37	R	2	196.433333333	100	196.433333333	100	196.433333333	100
src-key6+37	R	3	240.266666667	100	240.266666667	100	240.266666667	100
src-key6+37	R	4	301.633333333	100	301.633333333	100	301.633333333	100
src-key6+37	R	5	363	100	363	100	363	100
src-key6+37	R	6	370.4	140	370.4	140	370.4	140
src-key6+37	R	7	307.306666667	140	307.306666667	140	307.306666667	140
src-key6+37	R	8	244.213333333	140	244.213333333	140	244.213333333	140
src-key6+37	R	9	199.146666667	140	199.146666667	140	199.146666667	140
src-key6+37	R	10	145.066666667	140	145.066666667	140	145.066666667	140
src-key6+37	R	11	100	140	100	140	100	140
src-key6+37	R	12	100	190	100	190	100	190
src-key6+37	R	13	146.608333333	190	146.608333333	190	146.608333333	190
src-key6+37	R	14	202.538333333	190	202.538333333	190	202.538333333	190
src-key6+37	R	15	249.146666667	190	249.146666667	190	249.146666667	190
src-key6+37	R	16	314.398333333	190	314.398333333	190	314.398333333	190
src-key6+37	R	17	379.65	190	379.65	190	379.65	190
src-key6+37	R	18	390.75	250	390.75	250	390.75	250
src-key6+37	R	19	322.908333333	250	322.908333333	250	322.908333333	250
src-key6+37	R	20	255.066666667	250	255.066666667	250	255.066666667	250
src-key6+37	R	21	206.608333333	250	206.608333333	250	206.608333333	250
src-key6+37	R	22	148.458333333	250	148.458333333	250	148.458333333	250
src-key6+37	R	23	100	250	100	250	100	250
src-key6+37	R	24	100	300	100	300	100	300
src-key6+37	R	25	150	300	150	300	150	300
src-key6+37	R	26	210	300	210	300	210	300
src-key6+37	R	27	260	300	260	300	260	300
src-key6+37	R	28	330	300	330	300	330	300
src-key6+37	R	29	400	300	400	300	400	300
src-key6-37	R	0	100	100	100	100	100	100
src-key6-37	R	1	156.166666667	100	156.166666667	100	156.166666667	100
src-key6-37	R	2	223.566666667	100	223.566666667	100	223.566666667	100
src-key6-37	R	3	279.733333333	100	279.733333333	100	279.733333333	100
src-key6-37	R	4	358.366666667	100	358.366666667	100	358.366666667	100
src-key6-37	R	5	437	100	437	100	437	100
src-key6-37	R	6	429.6	140	429.6	140	429.6	140
src-key6-37	R	7	352.693333333	140	352.693333333	140	352.693333333	140
src-key6-37	R	8	275.786666667	140	275.786666667	140	275.786666667	140
src-key6-37	R	9	220.853333333	140	220.853333333	140	220.853333333	140
src-key6-37	R	10	154.933333333	140	154.933333333	140	154.933333333	140
src-key6-37	R	11	100	140	100	140	100	140
src-key6-37	R	12	100	190	100	190	100	190
src-key6-37	R	13	153.391666667	190	153.391666667	190	153.391666667	190
src-key6-37	R	14	217.461666667	190	217.461666667	190	217.461666667	190
src-key6-37	R	15	270.853333333	190	270.853333333	190	270.853333333	190
src-key6-37	R	16	345.601666667	190	345.601666667	190	345.601666667	190
src-key6-37	R	17	420.35	190	420.35	190	420.35	190
src-key6-37	R	18	409.25	250	409.25	250	409.25	250
src-key6-37	R	19	337.091666667	250	337.091666667	250	337.091666667	250
src-key6-37	R	20	264.933333333	250	264.933333333	250	264.933333333	250
src-key6-37	R	21	213.391666667	250	213.391666667	250	213.391666667	250
src-key6-37	R	22	151.541666667	250	151.541666667	250	151.541666667	250
src-key6-37	R	23	100	250	100	250	100	250
src-key6-37	R	24	100	300	100	300	100	300
src-key6-37	R	25	150	300	150	300	150	300
src-key6-37	R	26	210	300	210	300	210	300
src-key6-37	R	27	260	300	260	300	260	300
src-key6-37	R	28	330	300	330	300	330	300
src-key6-37	R	29	400	300	400	300	400	300
src-key7+37	R	0	100	100	100	100	100	100
src-key7+37	R	1	150	93.833333333	150	93.833333333	150	93.833333333
src-key7+37	R	2	210	86.433333333	210	86.433333333	210	86.433333333
src-key7+37	R	3	260	80.266666667	260	80.266666667	260	80.266666667
src-key7+37	R	4	330	71.633333333	330	71.633333333	330	71.633333333
src-key7+37	R	5	400	63	400	63	400	63
src-key7+37	R	6	400	110.4	400	110.4	400	110.4
src-key7+37	R	7	330	117.306666667	330	117.306666667	330	117.306666667
src-key7+37	R	8	260	124.213333333	260	124.213333333	260	124.213333333
src-key7+37	R	9	210	129.146666667	210	129.146666667	210	129.146666667
src-key7+37	R	10	150	135.066666667	150	135.066666667	150	135.066666667
src-key7+37	R	11	100	140	100	140	100	140
src-key7+37	R	12	100	190	100	190	100	190
src-key7+37	R	13	150	186.608333333	150	186.608333333	150	186.608333333
src-key7+37	R	14	210	182.538333333	210	182.538333333	210	182.538333333
src-key7+37	R	15	260	179.146666667	260	179.146666667	260	179.146666667
src-key7+37	R	16	330	174.398333333	330	174.398333333	330	174.398333333
src-key7+37	R	17	400	169.65	400	169.65	400	169.65
src-key7+37	R	18	400	240.75	400	240.75	400	240.75
src-key7+37	R	19	330	242.908333333	330	242.908333333	330	242.908333333
src-key7+37	R	20	260	245.066666667	260	245.066666667	260	245.066666667
src-key7+37	R	21	210	246.608333333	210	246.608333333	210	246.608333333
src-key7+37	R	22	150	248.458333333	150	248.458333333	150	248.458333333
src-key7+37	R	23	100	250	100	250	100	250
src-key7+37	R	24	100	300	100	300	100	300
src-key7+37	R	25	150	300	150	300	150	300
src-key7+37	R	26	210	300	210	300	210	300
src-key7+37	R	27	260	300	260	300	260	300
src-key7+37	R	28	330	300	330	300	330	300
src-key7+37	R	29	400	300	400	300	400	300
src-key7-37	R	0	100	100	100	100	100	100
src-key7-37	R	1	150	106.166666667	150	106.166666667	150	106.166666667
src-key7-37	R	2	210	113.566666667	210	113.566666667	210	113.566666667
src-key7-37	R	3	260	119.733333333	260	119.733333333	260	119.733333333
src-key7-37	R	4	330	128.366666667	330	128.366666667	330	128.366666667
src-key7-37	R	5	400	137	400	137	400	137
src-key7-37	R	6	400	169.6	400	169.6	400	169.6
src-key7-37	R	7	330	162.693333333	330	162.693333333	330	162.693333333
src-key7-37	R	8	260	155.786666667	260	155.786666667	260	155.786666667
src-key7-37	R	9	210	150.853333333	210	150.853333333	210	150.853333333
src-key7-37	R	10	150	144.933333333	150	144.933333333	150	144.933333333
src-key7-37	R	11	100	140	100	140	100	140
src-key7-37	R	12	100	190	100	190	100	190
src-key7-37	R	13	150	193.391666667	150	193.391666667	150	193.391666667
src-key7-37	R	14	210	197.461666667	210	197.461666667	210	197.461666667
src-key7-37	R	15	260	200.853333333	260	200.853333333	260	200.853333333
src-key7-37	R	16	330	205.601666667	330	205.601666667	330	205.601666667
src-key7-37	R	17	400	210.35	400	210.35	400	210.35
src-key7-37	R	18	400	259.25	400	259.25	400	259.25
src-key7-37	R	19	330	257.091666667	330	257.091666667	330	257.091666667
src-key7-37	R	20	260	254.933333333	260	254.933333333	260	254.933333333
src-key7-37	R	21	210	253.391666667	210	253.391666667	210	253.391666667
src-key7-37	R	22	150	251.541666667	150	251.541666667	150	251.541666667
src-key7-37	R	23	100	250	100	250	100	250
src-key7-37	R	24	100	300	100	300	100	300
src-key7-37	R	25	150	300	150	300	150	300
src-key7-37	R	26	210	300	210	300	210	300
src-key7-37	R	27	260	300	260	300	260	300
src-key7-37	R	28	330	300	330	300	330	300
src-key7-37	R	29	400	300	400	300	400	300
src-keys01	R	0	100	100	100	100	100	100
src-keys01	R	1	150	100	150	100	150	100
src-keys01	R	2	210	100	210	100	210	100
src-keys01	R	3	260	100	260	100	260	100
src-keys01	R	4	330	100	330	100	330	100
src-keys01	R	5	400	100	400	100	400	100
src-keys01	R	6	400	140	400	140	400	140
src-keys01	R	7	328.233558969	138.901942062	328.233558969	138.901942062	328.233558969	138.901942062
src-keys01	R	8	256.467117939	137.803884124	256.467117939	137.803884124	256.467117939	137.803884124
src-keys01	R	9	205.205374346	137.019557026	205.205374346	137.019557026	205.205374346	137.019557026
src-keys01	R	10	143.691282034	136.078364507	143.691282034	136.078364507	143.691282034	136.078364507
src-keys01	R	11	92.429538441	135.294037409	92.429538441	135.294037409	92.429538441	135.294037409
src-keys01	R	12	82.966461491	179.41158417	82.966461491	179.41158417	82.966461491	179.41158417
src-keys01	R	13	135.805384576	181.176320142	135.805384576	181.176320142	135.805384576	181.176320142
src-keys01	R	14	199.212092278	183.294003308	199.212092278	183.294003308	199.212092278	183.294003308
src-keys01	R	15	252.051015363	185.058739279	252.051015363	185.058739279	252.051015363	185.058739279
src-keys01	R	16	326.025507681	187.52936964	326.025507681	187.52936964	326.025507681	187.52936964
src-keys01	R	17	400	190	400	190	400	190
src-keys01	R	18	400	250	400	250	400	250
src-keys01	R	19	323.375846135	245.882282733	323.375846135	245.882282733	323.375846135	245.882282733
src-keys01	R	20	246.751692271	241.764565466	246.751692271	241.764565466	246.751692271	241.764565466
src-keys01	R	21	192.020153796	238.823338846	192.020153796	238.823338846	192.020153796	238.823338846
src-keys01	R	22	126.342307627	235.293866903	126.342307627	235.293866903	126.342307627	235.293866903
src-keys01	R	23	71.610769152	232.352640284	71.610769152	232.352640284	71.610769152	232.352640284
src-keys01	R	24	62.147692203	276.470187045	62.147692203	276.470187045	62.147692203	276.470187045
src-keys01	R	25	118.456410169	280.391822537	118.456410169	280.391822537	118.456410169	280.391822537
src-keys01	R	26	186.026871728	285.097785128	186.026871728	285.097785128	186.026871728	285.097785128
src-keys01	R	27	242.335589695	289.019420621	242.335589695	289.019420621	242.335589695	289.019420621
src-keys01	R	28	321.167794847	294.50971031	321.167794847	294.50971031	321.167794847	294.50971031
src-keys01	R	29	400	300	400	300	400	300
src-keys02	R	0	100	100	100	100	100	100
src-keys02	R	1	150	100	150	100	150	100
src-keys02	R	2	210	100	210	100	210	100
src-keys02	R	3	260	100	260	100	260	100
src-keys02	R	4	330	100	330	100	330	100
src-keys02	R	5	400	100	400	100	400	100
src-keys02	R	6	395.174825175	140	395.174825175	140	395.174825175	140
src-keys02	R	7	324.48951049	140	324.48951049	140	324.48951049	140
src-keys02	R	8	253.804195804	140	253.804195804	140	253.804195804	140
src-keys02	R	9	203.314685315	140	203.314685315	140	203.314685315	140
src-keys02	R	10	142.727272727	140	142.727272727	140	142.727272727	140
src-keys02	R	11	92.237762238	140	92.237762238	140	92.237762238	140
src-keys02	R	12	82.534965035	190	82.534965035	190	82.534965035	190
src-keys02	R	13	133.636363636	190	133.636363636	190	133.636363636	190
src-keys02	R	14	194.958041958	190	194.958041958	190	194.958041958	190
src-keys02	R	15	246.059440559	190	246.059440559	190	246.059440559	190
src-keys02	R	16	317.601398601	190	317.601398601	190	317.601398601	190
src-keys02	R	17	389.143356643	190	389.143356643	190	389.143356643	190
src-keys02	R	18	381.905594406	250	381.905594406	250	381.905594406	250
src-keys02	R	19	309.335664336	250	309.335664336	250	309.335664336	250
src-keys02	R	20	236.765734266	250	236.765734266	250	236.765734266	250
src-keys02	R	21	184.93006993	250	184.93006993	250	184.93006993	250
src-keys02	R	22	122.727272727	250	122.727272727	250	122.727272727	250
src-keys02	R	23	70.891608392	250	70.891608392	250	70.891608392	250
src-keys02	R	24	61.188811189	300	61.188811189	300	61.188811189	300
src-keys02	R	25	113.636363636	300	113.636363636	300	113.636363636	300
src-keys02	R	26	176.573426573	300	176.573426573	300	176.573426573	300
src-keys02	R	27	229.020979021	300	229.020979021	300	229.020979021	300
src-keys02	R	28	302.447552448	300	302.447552448	300	302.447552448	300
src-keys02	R	29	375.874125874	300	375.874125874	300	375.874125874	300
src-keys03	R	0	100	100	100	100	100	100
src-keys03	R	1	150	100	150	100	150	100
src-keys03	R	2	210	100	210	100	210	100
src-keys03	R	3	260	100	260	100	260	100
src-keys03	R	4	330	100	330	100	330	100
src-keys03	R	5	400	100	400	100	400	100
src-keys03	R	6	400	135.4	400	135.4	400	135.4
src-keys03	R	7	328.030418251	136.624334601	328.030418251	136.624334601	328.030418251	136.624334601
src-keys03	R	8	256.060836502	137.848669202	256.060836502	137.848669202	256.060836502	137.848669202
src-keys03	R	9	204.653992395	138.723193916	204.653992395	138.723193916	204.653992395	138.723193916
src-keys03	R	10	142.965779468	139.772623574	142.965779468	139.772623574	142.965779468	139.772623574
src-keys03	R	11	91.558935361	140.647148289	91.558935361	140.647148289	91.558935361	140.647148289
src-keys03	R	12	81.007604563	191.45608365	81.007604563	191.45608365	81.007604563	191.45608365
src-keys03	R	13	134.173003802	189.488403042	134.173003802	189.488403042	134.173003802	189.488403042
src-keys03	R	14	197.97148289	187.127186312	197.97148289	187.127186312	197.97148289	187.127186312
src-keys03	R	15	251.136882129	185.159505703	251.136882129	185.159505703	251.136882129	185.159505703
src-keys03	R	16	325.568441065	182.404752852	325.568441065	182.404752852	325.568441065	182.404752852
src-keys03	R	17	400	179.65	400	179.65	400	179.65
src-keys03	R	18	400	232.75	400	232.75	400	232.75
src-keys03	R	19	322.614068441	237.341254753	322.614068441	237.341254753	322.614068441	237.341254753
src-keys03	R	20	245.228136882	241.932509506	245.228136882	241.932509506	245.228136882	241.932509506
src-keys03	R	21	189.952471483	245.211977186	189.952471483	245.211977186	189.952471483	245.211977186
src-keys03	R	22	123.621673004	249.147338403	123.621673004	249.147338403	123.621673004	249.147338403
src-keys03	R	23	68.346007605	252.426806084	68.346007605	252.426806084	68.346007605	252.426806084
src-keys03	R	24	57.794676806	303.235741445	57.794676806	303.235741445	57.794676806	303.235741445
src-keys03	R	25	114.828897338	298.863117871	114.828897338	298.863117871	114.828897338	298.863117871
src-keys03	R	26	183.269961977	293.615969582	183.269961977	293.615969582	183.269961977	293.615969582
src-keys03	R	27	240.30418251	289.243346008	240.30418251	289.243346008	240.30418251	289.243346008
src-keys03	R	28	320.152091255	283.121673004	320.152091255	283.121673004	320.152091255	283.121673004
src-keys03	R	29	400	277	400	277	400	277
src-keys04	R	0	73.764258555	100	73.764258555	100	73.764258555	100
src-keys04	R	1	128.136882129	100	128.136882129	100	128.136882129	100
src-keys04	R	2	193.384030418	100	193.384030418	100	193.384030418	100
src-keys04	R	3	247.756653992	100	247.756653992	100	247.756653992	100
src-keys04	R	4	323.878326996	100	323.878326996	100	323.878326996	100
src-keys04	R	5	400	100	400	100	400	100
src-keys04	R	6	400	140	400	140	400	140
src-keys04	R	7	323.133079848	140	323.133079848	140	323.133079848	140
src-keys04	R	8	246.266159696	140	246.266159696	140	246.266159696	140
src-keys04	R	9	191.36121673	140	191.36121673	140	191.36121673	140
src-keys04	R	10	125.475285171	140	125.475285171	140	125.475285171	140
src-keys04	R	11	70.570342205	140	70.570342205	140	70.570342205	140
src-keys04	R	12	66.577946768	190	66.577946768	190	66.577946768	190
src-keys04	R	13	122.148288973	190	122.148288973	190	122.148288973	190
src-keys04	R	14	188.83269962	190	188.83269962	190	188.83269962	190
src-keys04	R	15	244.403041825	190	244.403041825	190	244.403041825	190
src-keys04	R	16	322.201520913	190	322.201520913	190	322.201520913	190
src-keys04	R	17	400	190	400	190	400	190
src-keys04	R	18	400	250	400	250	400	250
src-keys04	R	19	321.08365019	250	321.08365019	250	321.08365019	250
src-keys04	R	20	242.16730038	250	242.16730038	250	242.16730038	250
src-keys04	R	21	185.798479087	250	185.798479087	250	185.798479087	250
src-keys04	R	22	118.155893536	250	118.155893536	250	118.155893536	250
src-keys04	R	23	61.787072243	250	61.787072243	250	61.787072243	250
src-keys04	R	24	57.794676806	300	57.794676806	300	57.794676806	300
src-keys04	R	25	114.828897338	300	114.828897338	300	114.828897338	300
src-keys04	R	26	183.269961977	300	183.269961977	300	183.269961977	300
src-keys04	R	27	240.30418251	300	240.30418251	300	240.30418251	300
src-keys04	R	28	320.152091255	300	320.152091255	300	320.152091255	300
src-keys04	R	29	400	300	400	300	400	300
src-keys05	R	0	105.484307534	70.355094413	105.484307534	70.355094413	105.484307534	70.355094413
src-keys05	R	1	154.570256278	75.29591201	154.570256278	75.29591201	154.570256278	75.29591201
src-keys05	R	2	213.473394771	81.224893128	213.473394771	81.224893128	213.473394771	81.224893128
src-keys05	R	3	262.559343516	86.165710726	262.559343516	86.165710726	262.559343516	86.165710726
src-keys05	R	4	331.279671758	93.082855363	331.279671758	93.082855363	331.279671758	93.082855363
src-keys05	R	5	400	100	400	100	400	100
src-keys05	R	6	400	140	400	140	400	140
src-keys05	R	7	329.054155657	134.46628429	329.054155657	134.46628429	329.054155657	134.46628429
src-keys05	R	8	258.108311314	128.932568581	258.108311314	128.932568581	258.108311314	128.932568581
src-keys05	R	9	207.432708212	124.979914502	207.432708212	124.979914502	207.432708212	124.979914502
src-keys05	R	10	146.62198449	120.236729608	146.62198449	120.236729608	146.62198449	120.236729608
src-keys05	R	11	95.946381388	116.28407553	95.946381388	116.28407553	95.946381388	116.28407553
src-keys05	R	12	84.023973706	173.695301927	84.023973706	173.695301927	84.023973706	173.695301927
src-keys05	R	13	136.686644755	176.412751606	136.686644755	176.412751606	136.686644755	176.412751606
src-keys05	R	14	199.881850014	179.67369122	199.881850014	179.67369122	199.881850014	179.67369122
src-keys05	R	15	252.544521063	182.391140899	252.544521063	182.391140899	252.544521063	182.391140899
src-keys05	R	16	326.272260531	186.19557045	326.272260531	186.19557045	326.272260531	186.19557045
src-keys05	R	17	400	190	400	190	400	190
src-keys05	R	18	400	250	400	250	400	250
src-keys05	R	19	322.933986381	248.270713841	322.933986381	248.270713841	322.933986381	248.270713841
src-keys05	R	20	245.867972761	246.541427681	245.867972761	246.541427681	245.867972761	246.541427681
src-keys05	R	21	190.820820176	245.306223282	190.820820176	245.306223282	190.820820176	245.306223282
src-keys05	R	22	124.764237073	243.823978003	124.764237073	243.823978003	124.764237073	243.823978003
src-keys05	R	23	69.717084488	242.588773603	69.717084488	242.588773603	69.717084488	242.588773603
src-keys05	R	24	57.794676806	300	57.794676806	300	57.794676806	300
src-keys05	R	25	114.828897338	300	114.828897338	300	114.828897338	300
src-keys05	R	26	183.269961977	300	183.269961977	300	183.269961977	300
src-keys05	R	27	240.30418251	300	240.30418251	300	240.30418251	300
src-keys05	R	28	320.152091255	300	320.152091255	300	320.152091255	300
src-keys05	R	29	400	300	400	300	400	300
src-keys06	R	0	103.235741445	100	103.235741445	100	103.235741445	100
src-keys06	R	1	148.863117871	100	148.863117871	100	148.863117871	100
src-keys06	R	2	203.615969582	100	203.615969582	100	203.615969582	100
src-keys06	R	3	249.243346008	100	249.243346008	100	249.243346008	100
src-keys06	R	4	313.121673004	100	313.121673004	100	313.121673004	100
src-keys06	R	5	377	100	377	100	377	100
src-keys06	R	6	381.6	140	381.6	140	381.6	140
src-keys06	R	7	314.527756654	140	314.527756654	140	314.527756654	140
src-keys06	R	8	247.455513308	140	247.455513308	140	247.455513308	140
src-keys06	R	9	199.546768061	140	199.546768061	140	199.546768061	140
src-keys06	R	10	142.056273764	140	142.056273764	140	142.056273764	140
src-keys06	R	11	94.147528517	140	94.147528517	140	94.147528517	140
src-keys06	R	12	82.787262357	190	82.787262357	190	82.787262357	190
src-keys06	R	13	133.547718631	190	133.547718631	190	133.547718631	190
src-keys06	R	14	194.46026616	190	194.46026616	190	194.46026616	190
src-keys06	R	15	245.220722433	190	245.220722433	190	245.220722433	190
src-keys06	R	16	316.285361217	190	316.285361217	190	316.285361217	190
src-keys06	R	17	387.35	190	387.35	190	387.35	190
src-keys06	R	18	394.25	250	394.25	250	394.25	250
src-keys06	R	19	318.394486692	250	318.394486692	250	318.394486692	250
src-keys06	R	20	242.538973384	250	242.538973384	250	242.538973384	250
src-keys06	R	21	188.356463878	250	188.356463878	250	188.356463878	250
src-keys06	R	22	123.337452471	250	123.337452471	250	123.337452471	250
src-keys06	R	23	69.154942966	250	69.154942966	250	69.154942966	250
src-keys06	R	24	57.794676806	300	57.794676806	300	57.794676806	300
src-keys06	R	25	114.828897338	300	114.828897338	300	114.828897338	300
src-keys06	R	26	183.269961977	300	183.269961977	300	183.269961977	300
src-keys06	R	27	240.30418251	300	240.30418251	300	240.30418251	300
src-keys06	R	28	320.152091255	300	320.152091255	300	320.152091255	300
src-keys06	R	29	400	300	400	300	400	300
src-keys07	R	0	100	103.235741445	100	103.235741445	100	103.235741445
src-keys07	R	1	150	98.863117871	150	98.863117871	150	98.863117871
src-keys07	R	2	210	93.615969582	210	93.615969582	210	93.615969582
src-keys07	R	3	260	89.243346008	260	89.243346008	260	89.243346008
src-keys07	R	4	330	83.121673004	330	83.121673004	330	83.121673004
src-keys07	R	5	400	77	400	77	400	77
src-keys07	R	6	400	121.6	400	121.6	400	121.6
src-keys07	R	7	328.030418251	126.497338403	328.030418251	126.497338403	328.030418251	126.497338403
src-keys07	R	8	256.060836502	131.394676806	256.060836502	131.394676806	256.060836502	131.394676806
src-keys07	R	9	204.653992395	134.892775665	204.653992395	134.892775665	204.653992395	134.892775665
src-keys07	R	10	142.965779468	139.090494297	142.965779468	139.090494297	142.965779468	139.090494297
src-keys07	R	11	91.558935361	142.588593156	91.558935361	142.588593156	91.558935361	142.588593156
src-keys07	R	12	81.007604563	191.779657795	81.007604563	191.779657795	81.007604563	191.779657795
src-keys07	R	13	134.173003802	189.374714829	134.173003802	189.374714829	134.173003802	189.374714829
src-keys07	R	14	197.97148289	186.48878327	197.97148289	186.48878327	197.97148289	186.48878327
src-keys07	R	15	251.136882129	184.083840304	251.136882129	184.083840304	251.136882129	184.083840304
src-keys07	R	16	325.568441065	180.716920152	325.568441065	180.716920152	325.568441065	180.716920152
src-keys07	R	17	400	177.35	400	177.35	400	177.35
src-keys07	R	18	400	244.25	400	244.25	400	244.25
src-keys07	R	19	322.614068441	245.780418251	322.614068441	245.780418251	322.614068441	245.780418251
src-keys07	R	20	245.228136882	247.310836502	245.228136882	247.310836502	245.228136882	247.310836502
src-keys07	R	21	189.952471483	248.403992395	189.952471483	248.403992395	189.952471483	248.403992395
src-keys07	R	22	123.621673004	249.715779468	123.621673004	249.715779468	123.621673004	249.715779468
src-keys07	R	23	68.346007605	250.808935361	68.346007605	250.808935361	68.346007605	250.808935361
src-keys07	R	24	57.794676806	300	57.794676806	300	57.794676806	300
src-keys07	R	25	114.828897338	300	114.828897338	300	114.828897338	300
src-keys07	R	26	183.269961977	300	183.269961977	300	183.269961977	300
src-keys07	R	27	240.30418251	300	240.30418251	300	240.30418251	300
src-keys07	R	28	320.152091255	300	320.152091255	300	320.152091255	300
src-keys07	R	29	400	300	400	300	400	300
src-keys12	R	0	100	100	100	100	100	100
src-keys12	R	1	150	100	150	100	150	100
src-keys12	R	2	210	100	210	100	210	100
src-keys12	R	3	260	100	260	100	260	100
src-keys12	R	4	330	100	330	100	330	100
src-keys12	R	5	400	100	400	100	400	100
src-keys12	R	6	396.394560489	139.555329127	396.394560489	139.555329127	396.394560489	139.555329127
src-keys12	R	7	327.235829708	138.201982992	327.235829708	138.201982992	327.235829708	138.201982992
src-keys12	R	8	258.077098928	136.848636856	258.077098928	136.848636856	258.077098928	136.848636856
src-keys12	R	9	208.678005513	135.881961046	208.678005513	135.881961046	208.678005513	135.881961046
src-keys12	R	10	149.399093415	134.721950073	149.399093415	134.721950073	149.399093415	134.721950073
src-keys12	R	11	100	133.755274262	100	133.755274262	100	133.755274262
src-keys12	R	12	100	175.949367089	100	175.949367089	100	175.949367089
src-keys12	R	13	148.647960183	178.124387663	148.647960183	178.124387663	148.647960183	178.124387663
src-keys12	R	14	207.025512403	180.734412353	207.025512403	180.734412353	207.025512403	180.734412353
src-keys12	R	15	255.673472587	182.909432927	255.673472587	182.909432927	255.673472587	182.909432927
src-keys12	R	16	323.780616844	185.954461731	323.780616844	185.954461731	323.780616844	185.954461731
src-keys12	R	17	391.8877611	188.999490536	391.8877611	188.999490536	391.8877611	188.999490536
src-keys12	R	18	386.479601834	248.332484226	386.479601834	248.332484226	386.479601834	248.332484226
src-keys12	R	19	319.634361406	243.257436219	319.634361406	243.257436219	319.634361406	243.257436219
src-keys12	R	20	252.789120978	238.182388212	252.789120978	238.182388212	252.789120978	238.182388212
src-keys12	R	21	205.042520672	234.557353921	205.042520672	234.557353921	205.042520672	234.557353921
src-keys12	R	22	147.746600306	230.207312772	147.746600306	230.207312772	147.746600306	230.207312772
src-keys12	R	23	100	226.582278481	100	226.582278481	100	226.582278481
src-keys12	R	24	100	268.776371308	100	268.776371308	100	268.776371308
src-keys12	R	25	146.995467074	273.609750363	146.995467074	273.609750363	146.995467074	273.609750363
src-keys12	R	26	203.390027563	279.409805228	203.390027563	279.409805228	203.390027563	279.409805228
src-keys12	R	27	250.385494638	284.243184282	250.385494638	284.243184282	250.385494638	284.243184282
src-keys12	R	28	316.179148541	291.009914959	316.179148541	291.009914959	316.179148541	291.009914959
src-keys12	R	29	381.972802445	297.776645635	381.972802445	297.776645635	381.972802445	297.776645635
src-keys13	R	0	100	100	100	100	100	100
src-keys13	R	1	150	100	150	100	150	100
src-keys13	R	2	210	100	210	100	210	100
src-keys13	R	3	260	100	260	100	260	100
src-keys13	R	4	330	100	330	100	330	100
src-keys13	R	5	400	100	400	100	400	100
src-keys13	R	6	400	136.11814346	400	136.11814346	400	136.11814346
src-keys13	R	7	330	135.566807314	330	135.566807314	330	135.566807314
src-keys13	R	8	260	135.015471167	260	135.015471167	260	135.015471167
src-keys13	R	9	210	134.621659634	210	134.621659634	210	134.621659634
src-keys13	R	10	150	134.149085795	150	134.149085795	150	134.149085795
src-keys13	R	11	100	133.755274262	100	133.755274262	100	133.755274262
src-keys13	R	12	100	175.949367089	100	175.949367089	100	175.949367089
src-keys13	R	13	150	176.835443038	150	176.835443038	150	176.835443038
src-keys13	R	14	210	177.898734177	210	177.898734177	210	177.898734177
src-keys13	R	15	260	178.784810127	260	178.784810127	260	178.784810127
src-keys13	R	16	330	180.025316456	330	180.025316456	330	180.025316456
src-keys13	R	17	400	181.265822785	400	181.265822785	400	181.265822785
src-keys13	R	18	400	235.443037975	400	235.443037975	400	235.443037975
src-keys13	R	19	330	233.375527426	330	233.375527426	330	233.375527426
src-keys13	R	20	260	231.308016878	260	231.308016878	260	231.308016878
src-keys13	R	21	210	229.831223629	210	229.831223629	210	229.831223629
src-keys13	R	22	150	228.05907173	150	228.05907173	150	228.05907173
src-keys13	R	23	100	226.582278481	100	226.582278481	100	226.582278481
src-keys13	R	24	100	268.776371308	100	268.776371308	100	268.776371308
src-keys13	R	25	150	270.745428973	150	270.745428973	150	270.745428973
src-keys13	R	26	210	273.108298172	210	273.108298172	210	273.108298172
src-keys13	R	27	260	275.077355837	260	275.077355837	260	275.077355837
src-keys13	R	28	330	277.834036568	330	277.834036568	330	277.834036568
src-keys13	R	29	400	280.5907173	400	280.5907173	400	280.5907173
src-keys14	R	0	77	100	77	100	77	100
src-keys14	R	1	130.833333333	100	130.833333333	100	130.833333333	100
src-keys14	R	2	195.433333333	100	195.433333333	100	195.433333333	100
src-keys14	R	3	249.266666667	100	249.266666667	100	249.266666667	100
src-keys14	R	4	324.633333333	100	324.633333333	100	324.633333333	100
src-keys14	R	5	400	100	400	100	400	100
src-keys14	R	6	400	140	400	140	400	140
src-keys14	R	7	325.539099859	138.542897328	325.539099859	138.542897328	325.539099859	138.542897328
src-keys14	R	8	251.078199719	137.085794655	251.078199719	137.085794655	251.078199719	137.085794655
src-keys14	R	9	197.891842475	136.045007032	197.891842475	136.045007032	197.891842475	136.045007032
src-keys14	R	10	134.068213783	134.796061885	134.068213783	134.796061885	134.068213783	134.796061885
src-keys14	R	11	80.88185654	133.755274262	80.88185654	133.755274262	80.88185654	133.755274262
src-keys14	R	12	85.734177215	175.949367089	85.734177215	175.949367089	85.734177215	175.949367089
src-keys14	R	13	138.111814346	178.291139241	138.111814346	178.291139241	138.111814346	178.291139241
src-keys14	R	14	200.964978903	181.101265823	200.964978903	181.101265823	200.964978903	181.101265823
src-keys14	R	15	253.342616034	183.443037975	253.342616034	183.443037975	253.342616034	183.443037975
src-keys14	R	16	326.671308017	186.721518987	326.671308017	186.721518987	326.671308017	186.721518987
src-keys14	R	17	400	190	400	190	400	190
src-keys14	R	18	400	250	400	250	400	250
src-keys14	R	19	328.029957806	244.535864979	328.029957806	244.535864979	328.029957806	244.535864979
src-keys14	R	20	256.059915612	239.071729958	256.059915612	239.071729958	256.059915612	239.071729958
src-keys14	R	21	204.652742616	235.168776371	204.652742616	235.168776371	204.652742616	235.168776371
src-keys14	R	22	142.964135021	230.485232068	142.964135021	230.485232068	142.964135021	230.485232068
src-keys14	R	23	91.556962025	226.582278481	91.556962025	226.582278481	91.556962025	226.582278481
src-keys14	R	24	96.4092827	268.776371308	96.4092827	268.776371308	96.4092827	268.776371308
src-keys14	R	25	147.007735584	273.980309423	147.007735584	273.980309423	147.007735584	273.980309423
src-keys14	R	26	207.725879044	280.225035162	207.725879044	280.225035162	207.725879044	280.225035162
src-keys14	R	27	258.324331927	285.428973277	258.324331927	285.428973277	258.324331927	285.428973277
src-keys14	R	28	329.162165963	292.714486639	329.162165963	292.714486639	329.162165963	292.714486639
src-keys14	R	29	400	300	400	300	400	300
src-keys15	R	0	100	78.504672897	100	78.504672897	100	78.504672897
src-keys15	R	1	150	82.087227414	150	82.087227414	150	82.087227414
src-keys15	R	2	210	86.386292835	210	86.386292835	210	86.386292835
src-keys15	R	3	260	89.968847352	260	89.968847352	260	89.968847352
src-keys15	R	4	330	94.984423676	330	94.984423676	330	94.984423676
src-keys15	R	5	400	100	400	100	400	100
src-keys15	R	6	400	140	400	140	400	140
src-keys15	R	7	330	134.373831776	330	134.373831776	330	134.373831776
src-keys15	R	8	260	128.747663551	260	128.747663551	260	128.747663551
src-keys15	R	9	210	124.728971963	210	124.728971963	210	124.728971963
src-keys15	R	10	150	119.906542056	150	119.906542056	150	119.906542056
src-keys15	R	11	100	115.887850467	100	115.887850467	100	115.887850467
src-keys15	R	12	100	162.61682243	100	162.61682243	100	162.61682243
src-keys15	R	13	150	167.180685358	150	167.180685358	150	167.180685358
src-keys15	R	14	210	172.657320872	210	172.657320872	210	172.657320872
src-keys15	R	15	260	177.221183801	260	177.221183801	260	177.221183801
src-keys15	R	16	330	183.6105919	330	183.6105919	330	183.6105919
src-keys15	R	17	400	190	400	190	400	190
src-keys15	R	18	400	250	400	250	400	250
src-keys15	R	19	330	242.69470405	330	242.69470405	330	242.69470405
src-keys15	R	20	260	235.3894081	260	235.3894081	260	235.3894081
src-keys15	R	21	210	230.171339564	210	230.171339564	210	230.171339564
src-keys15	R	22	150	223.909657321	150	223.909657321	150	223.909657321
src-keys15	R	23	100	218.691588785	100	218.691588785	100	218.691588785
src-keys15	R	24	100	265.420560748	100	265.420560748	100	265.420560748
src-keys15	R	25	150	271.183800623	150	271.183800623	150	271.183800623
src-keys15	R	26	210	278.099688474	210	278.099688474	210	278.099688474
src-keys15	R	27	260	283.862928349	260	283.862928349	260	283.862928349
src-keys15	R	28	330	291.931464174	330	291.931464174	330	291.931464174
src-keys15	R	29	400	300	400	300	400	300
src-keys16	R	0	100	100	100	100	100	100
src-keys16	R	1	146.166666667	100	146.166666667	100	146.166666667	100
src-keys16	R	2	201.566666667	100	201.566666667	100	201.566666667	100
src-keys16	R	3	247.733333333	100	247.733333333	100	247.733333333	100
src-keys16	R	4	312.366666667	100	312.366666667	100	312.366666667	100
src-keys16	R	5	377	100	377	100	377	100
src-keys16	R	6	380.88185654	140	380.88185654	140	380.88185654	140
src-keys16	R	7	315.342756681	138.542897328	315.342756681	138.542897328	315.342756681	138.542897328
src-keys16	R	8	249.803656821	137.085794655	249.803656821	137.085794655	249.803656821	137.085794655
src-keys16	R	9	202.990014065	136.045007032	202.990014065	136.045007032	202.990014065	136.045007032
src-keys16	R	10	146.813642757	134.796061885	146.813642757	134.796061885	146.813642757	134.796061885
src-keys16	R	11	100	133.755274262	100	133.755274262	100	133.755274262
src-keys16	R	12	100	175.949367089	100	175.949367089	100	175.949367089
src-keys16	R	13	147.622362869	178.291139241	147.622362869	178.291139241	147.622362869	178.291139241
src-keys16	R	14	204.769198312	181.101265823	204.769198312	181.101265823	204.769198312	181.101265823
src-keys16	R	15	252.391561181	183.443037975	252.391561181	183.443037975	252.391561181	183.443037975
src-keys16	R	16	319.062869198	186.721518987	319.062869198	186.721518987	319.062869198	186.721518987
src-keys16	R	17	385.734177215	190	385.734177215	190	385.734177215	190
src-keys16	R	18	391.556962025	250	391.556962025	250	391.556962025	250
src-keys16	R	19	323.527004219	244.535864979	323.527004219	244.535864979	323.527004219	244.535864979
src-keys16	R	20	255.497046414	239.071729958	255.497046414	239.071729958	255.497046414	239.071729958
src-keys16	R	21	206.904219409	235.168776371	206.904219409	235.168776371	206.904219409	235.168776371
src-keys16	R	22	148.592827004	230.485232068	148.592827004	230.485232068	148.592827004	230.485232068
src-keys16	R	23	100	226.582278481	100	226.582278481	100	226.582278481
src-keys16	R	24	100	268.776371308	100	268.776371308	100	268.776371308
src-keys16	R	25	149.401547117	273.980309423	149.401547117	273.980309423	149.401547117	273.980309423
src-keys16	R	26	208.683403657	280.225035162	208.683403657	280.225035162	208.683403657	280.225035162
src-keys16	R	27	258.084950774	285.428973277	258.084950774	285.428973277	258.084950774	285.428973277
src-keys16	R	28	327.247116737	292.714486639	327.247116737	292.714486639	327.247116737	292.714486639
src-keys16	R	29	396.4092827	300	396.4092827	300	396.4092827	300
src-keys17	R	0	100	100	100	100	100	100
src-keys17	R	1	150	96.166666667	150	96.166666667	150	96.166666667
src-keys17	R	2	210	91.566666667	210	91.566666667	210	91.566666667
src-keys17	R	3	260	87.733333333	260	87.733333333	260	87.733333333
src-keys17	R	4	330	82.366666667	330	82.366666667	330	82.366666667
src-keys17	R	5	400	77	400	77	400	77
src-keys17	R	6	400	120.88185654	400	120.88185654	400	120.88185654
src-keys17	R	7	330	123.885654008	330	123.885654008	330	123.885654008
src-keys17	R	8	260	126.889451477	260	126.889451477	260	126.889451477
src-keys17	R	9	210	129.035021097	210	129.035021097	210	129.035021097
src-keys17	R	10	150	131.609704641	150	131.609704641	150	131.609704641
src-keys17	R	11	100	133.755274262	100	133.755274262	100	133.755274262
src-keys17	R	12	100	175.949367089	100	175.949367089	100	175.949367089
src-keys17	R	13	150	175.91350211	150	175.91350211	150	175.91350211
src-keys17	R	14	210	175.870464135	210	175.870464135	210	175.870464135
src-keys17	R	15	260	175.834599156	260	175.834599156	260	175.834599156
src-keys17	R	16	330	175.784388186	330	175.784388186	330	175.784388186
src-keys17	R	17	400	175.734177215	400	175.734177215	400	175.734177215
src-keys17	R	18	400	241.556962025	400	241.556962025	400	241.556962025
src-keys17	R	19	330	238.062869198	330	238.062869198	330	238.062869198
src-keys17	R	20	260	234.568776371	260	234.568776371	260	234.568776371
src-keys17	R	21	210	232.072995781	210	232.072995781	210	232.072995781
src-keys17	R	22	150	229.078059072	150	229.078059072	150	229.078059072
src-keys17	R	23	100	226.582278481	100	226.582278481	100	226.582278481
src-keys17	R	24	100	268.776371308	100	268.776371308	100	268.776371308
src-keys17	R	25	150	273.38185654	150	273.38185654	150	273.38185654
src-keys17	R	26	210	278.908438819	210	278.908438819	210	278.908438819
src-keys17	R	27	260	283.513924051	260	283.513924051	260	283.513924051
src-keys17	R	28	330	289.961603376	330	289.961603376	330	289.961603376
src-keys17	R	29	400	296.4092827	400	296.4092827	400	296.4092827
src-keys23	R	0	100	100	100	100	100	100
src-keys23	R	1	150	100	150	100	150	100
src-keys23	R	2	210	100	210	100	210	100
src-keys23	R	3	260	100	260	100	260	100
src-keys23	R	4	330	100	330	100	330	100
src-keys23	R	5	400	100	400	100	400	100
src-keys23	R	6	393.412462908	135.90504451	393.412462908	135.90504451	393.412462908	135.90504451
src-keys23	R	7	324.949554896	136.860534125	324.949554896	136.860534125	324.949554896	136.860534125
src-keys23	R	8	256.486646884	137.816023739	256.486646884	137.816023739	256.486646884	137.816023739
src-keys23	R	9	207.584569733	138.49851632	207.584569733	138.49851632	207.584569733	138.49851632
src-keys23	R	10	148.902077151	139.317507418	148.902077151	139.317507418	148.902077151	139.317507418
src-keys23	R	11	100	140	100	140	100	140
src-keys23	R	12	100	190	100	190	100	190
src-keys23	R	13	147.529673591	188.464391691	147.529673591	188.464391691	147.529673591	188.464391691
src-keys23	R	14	204.565281899	186.621661721	204.565281899	186.621661721	204.565281899	186.621661721
src-keys23	R	15	252.09495549	185.086053412	252.09495549	185.086053412	252.09495549	185.086053412
src-keys23	R	16	318.636498516	182.93620178	318.636498516	182.93620178	318.636498516	182.93620178
src-keys23	R	17	385.178041543	180.786350148	385.178041543	180.786350148	385.178041543	180.786350148
src-keys23	R	18	375.296735905	234.643916914	375.296735905	234.643916914	375.296735905	234.643916914
src-keys23	R	19	311.060830861	238.227002967	311.060830861	238.227002967	311.060830861	238.227002967
src-keys23	R	20	246.824925816	241.810089021	246.824925816	241.810089021	246.824925816	241.810089021
src-keys23	R	21	200.942136499	244.369436202	200.942136499	244.369436202	200.942136499	244.369436202
src-keys23	R	22	145.882789318	247.440652819	145.882789318	247.440652819	145.882789318	247.440652819
src-keys23	R	23	100	250	100	250	100	250
src-keys23	R	24	100	300	100	300	100	300
src-keys23	R	25	144.510385757	296.587537092	144.510385757	296.587537092	144.510385757	296.587537092
src-keys23	R	26	197.922848665	292.492581602	197.922848665	292.492581602	197.922848665	292.492581602
src-keys23	R	27	242.433234421	289.080118694	242.433234421	289.080118694	242.433234421	289.080118694
src-keys23	R	28	304.747774481	284.302670623	304.747774481	284.302670623	304.747774481	284.302670623
src-keys23	R	29	367.06231454	279.525222552	367.06231454	279.525222552	367.06231454	279.525222552
src-keys24	R	0	77	100	77	100	77	100
src-keys24	R	1	130.412462908	100	130.412462908	100	130.412462908	100
src-keys24	R	2	194.507418398	100	194.507418398	100	194.507418398	100
src-keys24	R	3	247.919881306	100	247.919881306	100	247.919881306	100
src-keys24	R	4	322.697329377	100	322.697329377	100	322.697329377	100
src-keys24	R	5	397.474777448	100	397.474777448	100	397.474777448	100
src-keys24	R	6	391.392284866	140	391.392284866	140	391.392284866	140
src-keys24	R	7	319.107418398	140	319.107418398	140	319.107418398	140
src-keys24	R	8	246.822551929	140	246.822551929	140	246.822551929	140
src-keys24	R	9	195.190504451	140	195.190504451	140	195.190504451	140
src-keys24	R	10	133.232047478	140	133.232047478	140	133.232047478	140
src-keys24	R	11	81.6	140	81.6	140	81.6	140
src-keys24	R	12	87.35	190	87.35	190	87.35	190
src-keys24	R	13	136.75652819	190	136.75652819	190	136.75652819	190
src-keys24	R	14	196.044362018	190	196.044362018	190	196.044362018	190
src-keys24	R	15	245.450890208	190	245.450890208	190	245.450890208	190
src-keys24	R	16	314.620029674	190	314.620029674	190	314.620029674	190
src-keys24	R	17	383.789169139	190	383.789169139	190	383.789169139	190
src-keys24	R	18	374.665430267	250	374.665430267	250	374.665430267	250
src-keys24	R	19	309.235163205	250	309.235163205	250	309.235163205	250
src-keys24	R	20	243.804896142	250	243.804896142	250	243.804896142	250
src-keys24	R	21	197.068991098	250	197.068991098	250	197.068991098	250
src-keys24	R	22	140.985905045	250	140.985905045	250	140.985905045	250
src-keys24	R	23	94.25	250	94.25	250	94.25	250
src-keys24	R	24	100	300	100	300	100	300
src-keys24	R	25	144.510385757	300	144.510385757	300	144.510385757	300
src-keys24	R	26	197.922848665	300	197.922848665	300	197.922848665	300
src-keys24	R	27	242.433234421	300	242.433234421	300	242.433234421	300
src-keys24	R	28	304.747774481	300	304.747774481	300	304.747774481	300
src-keys24	R	29	367.06231454	300	367.06231454	300	367.06231454	300
src-keys25	R	0	100	74.011299435	100	74.011299435	100	74.011299435
src-keys25	R	1	150.713339704	77.867189727	150.713339704	77.867189727	150.713339704	77.867189727
src-keys25	R	2	211.569347349	82.494258076	211.569347349	82.494258076	211.569347349	82.494258076
src-keys25	R	3	262.282687053	86.350148368	262.282687053	86.350148368	262.282687053	86.350148368
src-keys25	R	4	333.281362638	91.748394776	333.281362638	91.748394776	333.281362638	91.748394776
src-keys25	R	5	404.280038224	97.146641184	404.280038224	97.146641184	404.280038224	97.146641184
src-keys25	R	6	396.836493487	137.717312947	396.836493487	137.717312947	396.836493487	137.717312947
src-keys25	R	7	327.574645007	133.398715821	327.574645007	133.398715821	327.574645007	133.398715821
src-keys25	R	8	258.312796526	129.080118694	258.312796526	129.080118694	258.312796526	129.080118694
src-keys25	R	9	208.840047612	125.995406461	208.840047612	125.995406461	208.840047612	125.995406461
src-keys25	R	10	149.472748914	122.293751781	149.472748914	122.293751781	149.472748914	122.293751781
src-keys25	R	11	100	119.209039548	100	119.209039548	100	119.209039548
src-keys25	R	12	100	175.706214689	100	175.706214689	100	175.706214689
src-keys25	R	13	147.922010428	177.82695435	147.922010428	177.82695435	147.922010428	177.82695435
src-keys25	R	14	205.428422941	180.371841942	205.428422941	180.371841942	205.428422941	180.371841942
src-keys25	R	15	253.350433369	182.492581602	253.350433369	182.492581602	253.350433369	182.492581602
src-keys25	R	16	320.441247967	185.461617127	320.441247967	185.461617127	320.441247967	185.461617127
src-keys25	R	17	387.532062566	188.430652651	387.532062566	188.430652651	387.532062566	188.430652651
src-keys25	R	18	376.366745461	249.286660296	376.366745461	249.286660296	376.366745461	249.286660296
src-keys25	R	19	311.88117152	247.937098694	311.88117152	247.937098694	311.88117152	247.937098694
src-keys25	R	20	247.395597579	246.587537092	247.395597579	246.587537092	247.395597579	246.587537092
src-keys25	R	21	201.334473336	245.623564519	201.334473336	245.623564519	201.334473336	245.623564519
src-keys25	R	22	146.061124243	244.466797432	146.061124243	244.466797432	146.061124243	244.466797432
src-keys25	R	23	100	243.502824859	100	243.502824859	100	243.502824859
src-keys25	R	24	100	300	100	300	100	300
src-keys25	R	25	144.510385757	300	144.510385757	300	144.510385757	300
src-keys25	R	26	197.922848665	300	197.922848665	300	197.922848665	300
src-keys25	R	27	242.433234421	300	242.433234421	300	242.433234421	300
src-keys25	R	28	304.747774481	300	304.747774481	300	304.747774481	300
src-keys25	R	29	367.06231454	300	367.06231454	300	367.06231454	300
src-keys26	R	0	100	100	100	100	100	100
src-keys26	R	1	146.587537092	100	146.587537092	100	146.587537092	100
src-keys26	R	2	202.492581602	100	202.492581602	100	202.492581602	100
src-keys26	R	3	249.080118694	100	249.080118694	100	249.080118694	100
src-keys26	R	4	314.302670623	100	314.302670623	100	314.302670623	100
src-keys26	R	5	379.525222552	100	379.525222552	100	379.525222552	100
src-keys26	R	6	377.03264095	140	377.03264095	140	377.03264095	140
src-keys26	R	7	312.391691395	140	312.391691395	140	312.391691395	140
src-keys26	R	8	247.75074184	140	247.75074184	140	247.75074184	140
src-keys26	R	9	201.578635015	140	201.578635015	140	201.578635015	140
src-keys26	R	10	146.172106825	140	146.172106825	140	146.172106825	140
src-keys26	R	11	100	140	100	140	100	140
src-keys26	R	12	100	190	100	190	100	190
src-keys26	R	13	145.652818991	190	145.652818991	190	145.652818991	190
src-keys26	R	14	200.43620178	190	200.43620178	190	200.43620178	190
src-keys26	R	15	246.089020772	190	246.089020772	190	246.089020772	190
src-keys26	R	16	310.002967359	190	310.002967359	190	310.002967359	190
src-keys26	R	17	373.916913947	190	373.916913947	190	373.916913947	190
src-keys26	R	18	370.178041543	250	370.178041543	250	370.178041543	250
src-keys26	R	19	307.136498516	250	307.136498516	250	307.136498516	250
src-keys26	R	20	244.09495549	250	244.09495549	250	244.09495549	250
src-keys26	R	21	199.065281899	250	199.065281899	250	199.065281899	250
src-keys26	R	22	145.029673591	250	145.029673591	250	145.029673591	250
src-keys26	R	23	100	250	100	250	100	250
src-keys26	R	24	100	300	100	300	100	300
src-keys26	R	25	144.510385757	300	144.510385757	300	144.510385757	300
src-keys26	R	26	197.922848665	300	197.922848665	300	197.922848665	300
src-keys26	R	27	242.433234421	300	242.433234421	300	242.433234421	300
src-keys26	R	28	304.747774481	300	304.747774481	300	304.747774481	300
src-keys26	R	29	367.06231454	300	367.06231454	300	367.06231454	300
src-keys27	R	0	100	100	100	100	100	100
src-keys27	R	1	150	96.587537092	150	96.587537092	150	96.587537092
src-keys27	R	2	210	92.492581602	210	92.492581602	210	92.492581602
src-keys27	R	3	260	89.080118694	260	89.080118694	260	89.080118694
src-keys27	R	4	330	84.302670623	330	84.302670623	330	84.302670623
src-keys27	R	5	400	79.525222552	400	79.525222552	400	79.525222552
src-keys27	R	6	393.412462908	123.620178042	393.412462908	123.620178042	393.412462908	123.620178042
src-keys27	R	7	324.949554896	127.442136499	324.949554896	127.442136499	324.949554896	127.442136499
src-keys27	R	8	256.486646884	131.264094955	256.486646884	131.264094955	256.486646884	131.264094955
src-keys27	R	9	207.584569733	133.994065282	207.584569733	133.994065282	207.584569733	133.994065282
src-keys27	R	10	148.902077151	137.270029674	148.902077151	137.270029674	148.902077151	137.270029674
src-keys27	R	11	100	140	100	140	100	140
src-keys27	R	12	100	190	100	190	100	190
src-keys27	R	13	147.529673591	188.123145401	147.529673591	188.123145401	147.529673591	188.123145401
src-keys27	R	14	204.565281899	185.870919881	204.565281899	185.870919881	204.565281899	185.870919881
src-keys27	R	15	252.09495549	183.994065282	252.09495549	183.994065282	252.09495549	183.994065282
src-keys27	R	16	318.636498516	181.366468843	318.636498516	181.366468843	318.636498516	181.366468843
src-keys27	R	17	385.178041543	178.738872404	385.178041543	178.738872404	385.178041543	178.738872404
src-keys27	R	18	375.296735905	244.881305638	375.296735905	244.881305638	375.296735905	244.881305638
src-keys27	R	19	311.060830861	246.075667656	311.060830861	246.075667656	311.060830861	246.075667656
src-keys27	R	20	246.824925816	247.270029674	246.824925816	247.270029674	246.824925816	247.270029674
src-keys27	R	21	200.942136499	248.123145401	200.942136499	248.123145401	200.942136499	248.123145401
src-keys27	R	22	145.882789318	249.146884273	145.882789318	249.146884273	145.882789318	249.146884273
src-keys27	R	23	100	250	100	250	100	250
src-keys27	R	24	100	300	100	300	100	300
src-keys27	R	25	144.510385757	300	144.510385757	300	144.510385757	300
src-keys27	R	26	197.922848665	300	197.922848665	300	197.922848665	300
src-keys27	R	27	242.433234421	300	242.433234421	300	242.433234421	300
src-keys27	R	28	304.747774481	300	304.747774481	300	304.747774481	300
src-keys27	R	29	367.06231454	300	367.06231454	300	367.06231454	300
src-keys34	R	0	77	100	77	100	77	100
src-keys34	R	1	130.833333333	100	130.833333333	100	130.833333333	100
src-keys34	R	2	195.433333333	100	195.433333333	100	195.433333333	100
src-keys34	R	3	249.266666667	100	249.266666667	100	249.266666667	100
src-keys34	R	4	324.633333333	100	324.633333333	100	324.633333333	100
src-keys34	R	5	400	100	400	100	400	100
src-keys34	R	6	400	132.6	400	132.6	400	132.6
src-keys34	R	7	325.706666667	134.326666667	325.706666667	134.326666667	325.706666667	134.326666667
src-keys34	R	8	251.413333333	136.053333333	251.413333333	136.053333333	251.413333333	136.053333333
src-keys34	R	9	198.346666667	137.286666667	198.346666667	137.286666667	198.346666667	137.286666667
src-keys34	R	10	134.666666667	138.766666667	134.666666667	138.766666667	134.666666667	138.766666667
src-keys34	R	11	81.6	140	81.6	140	81.6	140
src-keys34	R	12	87.35	190	87.35	190	87.35	190
src-keys34	R	13	139.458333333	187.225	139.458333333	187.225	139.458333333	187.225
src-keys34	R	14	201.988333333	183.895	201.988333333	183.895	201.988333333	183.895
src-keys34	R	15	254.096666667	181.12	254.096666667	181.12	254.096666667	181.12
src-keys34	R	16	327.048333333	177.235	327.048333333	177.235	327.048333333	177.235
src-keys34	R	17	400	173.35	400	173.35	400	173.35
src-keys34	R	18	400	222.25	400	222.25	400	222.25
src-keys34	R	19	328.658333333	228.725	328.658333333	228.725	328.658333333	228.725
src-keys34	R	20	257.316666667	235.2	257.316666667	235.2	257.316666667	235.2
src-keys34	R	21	206.358333333	239.825	206.358333333	239.825	206.358333333	239.825
src-keys34	R	22	145.208333333	245.375	145.208333333	245.375	145.208333333	245.375
src-keys34	R	23	94.25	250	94.25	250	94.25	250
src-keys34	R	24	100	300	100	300	100	300
src-keys34	R	25	150	293.833333333	150	293.833333333	150	293.833333333
src-keys34	R	26	210	286.433333333	210	286.433333333	210	286.433333333
src-keys34	R	27	260	280.266666667	260	280.266666667	260	280.266666667
src-keys34	R	28	330	271.633333333	330	271.633333333	330	271.633333333
src-keys34	R	29	400	263	400	263	400	263
src-keys35	R	0	100	74.011299435	100	74.011299435	100	74.011299435
src-keys35	R	1	150	79.144067797	150	79.144067797	150	79.144067797
src-keys35	R	2	210	85.303389831	210	85.303389831	210	85.303389831
src-keys35	R	3	260	90.436158192	260	90.436158192	260	90.436158192
src-keys35	R	4	330	97.622033898	330	97.622033898	330	97.622033898
src-keys35	R	5	400	104.807909605	400	104.807909605	400	104.807909605
src-keys35	R	6	400	136.446327684	400	136.446327684	400	136.446327684
src-keys35	R	7	330	132.424293785	330	132.424293785	330	132.424293785
src-keys35	R	8	260	128.402259887	260	128.402259887	260	128.402259887
src-keys35	R	9	210	125.529378531	210	125.529378531	210	125.529378531
src-keys35	R	10	150	122.081920904	150	122.081920904	150	122.081920904
src-keys35	R	11	100	119.209039548	100	119.209039548	100	119.209039548
src-keys35	R	12	100	175.706214689	100	175.706214689	100	175.706214689
src-keys35	R	13	150	175.754237288	150	175.754237288	150	175.754237288
src-keys35	R	14	210	175.811864407	210	175.811864407	210	175.811864407
src-keys35	R	15	260	175.859887006	260	175.859887006	260	175.859887006
src-keys35	R	16	330	175.927118644	330	175.927118644	330	175.927118644
src-keys35	R	17	400	175.994350282	400	175.994350282	400	175.994350282
src-keys35	R	18	400	223.451977401	400	223.451977401	400	223.451977401
src-keys35	R	19	330	228.130508475	330	228.130508475	330	228.130508475
src-keys35	R	20	260	232.809039548	260	232.809039548	260	232.809039548
src-keys35	R	21	210	236.150847458	210	236.150847458	210	236.150847458
src-keys35	R	22	150	240.161016949	150	240.161016949	150	240.161016949
src-keys35	R	23	100	243.502824859	100	243.502824859	100	243.502824859
src-keys35	R	24	100	300	100	300	100	300
src-keys35	R	25	150	293.833333333	150	293.833333333	150	293.833333333
src-keys35	R	26	210	286.433333333	210	286.433333333	210	286.433333333
src-keys35	R	27	260	280.266666667	260	280.266666667	260	280.266666667
src-keys35	R	28	330	271.633333333	330	271.633333333	330	271.633333333
src-keys35	R	29	400	263	400	263	400	263
src-keys36	R	0	100	100	100	100	100	100
src-keys36	R	1	146.166666667	100	146.166666667	100	146.166666667	100
src-keys36	R	2	201.566666667	100	201.566666667	100	201.566666667	100
src-keys36	R	3	247.733333333	100	247.733333333	100	247.733333333	100
src-keys36	R	4	312.366666667	100	312.366666667	100	312.366666667	100
src-keys36	R	5	377	100	377	100	377	100
src-keys36	R	6	381.6	132.6	381.6	132.6	381.6	132.6
src-keys36	R	7	315.893333333	134.326666667	315.893333333	134.326666667	315.893333333	134.326666667
src-keys36	R	8	250.186666667	136.053333333	250.186666667	136.053333333	250.186666667	136.053333333
src-keys36	R	9	203.253333333	137.286666667	203.253333333	137.286666667	203.253333333	137.286666667
src-keys36	R	10	146.933333333	138.766666667	146.933333333	138.766666667	146.933333333	138.766666667
src-keys36	R	11	100	140	100	140	100	140
src-keys36	R	12	100	190	100	190	100	190
src-keys36	R	13	147.891666667	187.225	147.891666667	187.225	147.891666667	187.225
src-keys36	R	14	205.361666667	183.895	205.361666667	183.895	205.361666667	183.895
src-keys36	R	15	253.253333333	181.12	253.253333333	181.12	253.253333333	181.12
src-keys36	R	16	320.301666667	177.235	320.301666667	177.235	320.301666667	177.235
src-keys36	R	17	387.35	173.35	387.35	173.35	387.35	173.35
src-keys36	R	18	394.25	222.25	394.25	222.25	394.25	222.25
src-keys36	R	19	325.591666667	228.725	325.591666667	228.725	325.591666667	228.725
src-keys36	R	20	256.933333333	235.2	256.933333333	235.2	256.933333333	235.2
src-keys36	R	21	207.891666667	239.825	207.891666667	239.825	207.891666667	239.825
src-keys36	R	22	149.041666667	245.375	149.041666667	245.375	149.041666667	245.375
src-keys36	R	23	100	250	100	250	100	250
src-keys36	R	24	100	300	100	300	100	300
src-keys36	R	25	150	293.833333333	150	293.833333333	150	293.833333333
src-keys36	R	26	210	286.433333333	210	286.433333333	210	286.433333333
src-keys36	R	27	260	280.266666667	260	280.266666667	260	280.266666667
src-keys36	R	28	330	271.633333333	330	271.633333333	330	271.633333333
src-keys36	R	29	400	263	400	263	400	263
src-keys37	R	0	100	100	100	100	100	100
src-keys37	R	1	150	96.166666667	150	96.166666667	150	96.166666667
src-keys37	R	2	210	91.566666667	210	91.566666667	210	91.566666667
src-keys37	R	3	260	87.733333333	260	87.733333333	260	87.733333333
src-keys37	R	4	330	82.366666667	330	82.366666667	330	82.366666667
src-keys37	R	5	400	77	400	77	400	77
src-keys37	R	6	400	114.2	400	114.2	400	114.2
src-keys37	R	7	330	120.22	330	120.22	330	120.22
src-keys37	R	8	260	126.24	260	126.24	260	126.24
src-keys37	R	9	210	130.54	210	130.54	210	130.54
src-keys37	R	10	150	135.7	150	135.7	150	135.7
src-keys37	R	11	100	140	100	140	100	140
src-keys37	R	12	100	190	100	190	100	190
src-keys37	R	13	150	185.116666667	150	185.116666667	150	185.116666667
src-keys37	R	14	210	179.256666667	210	179.256666667	210	179.256666667
src-keys37	R	15	260	174.373333333	260	174.373333333	260	174.373333333
src-keys37	R	16	330	167.536666667	330	167.536666667	330	167.536666667
src-keys37	R	17	400	160.7	400	160.7	400	160.7
src-keys37	R	18	400	216.5	400	216.5	400	216.5
src-keys37	R	19	330	224.316666667	330	224.316666667	330	224.316666667
src-keys37	R	20	260	232.133333333	260	232.133333333	260	232.133333333
src-keys37	R	21	210	237.716666667	210	237.716666667	210	237.716666667
src-keys37	R	22	150	244.416666667	150	244.416666667	150	244.416666667
src-keys37	R	23	100	250	100	250	100	250
src-keys37	R	24	100	300	100	300	100	300
src-keys37	R	25	150	293.833333333	150	293.833333333	150	293.833333333
src-keys37	R	26	210	286.433333333	210	286.433333333	210	286.433333333
src-keys37	R	27	260	280.266666667	260	280.266666667	260	280.266666667
src-keys37	R	28	330	271.633333333	330	271.633333333	330	271.633333333
src-keys37	R	29	400	263	400	263	400	263
src-keys45	R	0	58.192090395	74.011299435	58.192090395	74.011299435	58.192090395	74.011299435
src-keys45	R	1	115.16007533	78.342749529	115.16007533	78.342749529	115.16007533	78.342749529
src-keys45	R	2	183.52165725	83.540489642	183.52165725	83.540489642	183.52165725	83.540489642
src-keys45	R	3	240.489642185	87.871939736	240.489642185	87.871939736	240.489642185	87.871939736
src-keys45	R	4	320.244821092	93.935969868	320.244821092	93.935969868	320.244821092	93.935969868
src-keys45	R	5	400	100	400	100	400	100
src-keys45	R	6	400	140	400	140	400	140
src-keys45	R	7	322.195856874	135.148775895	322.195856874	135.148775895	322.195856874	135.148775895
src-keys45	R	8	244.391713748	130.297551789	244.391713748	130.297551789	244.391713748	130.297551789
src-keys45	R	9	188.8173258	126.832391714	188.8173258	126.832391714	188.8173258	126.832391714
src-keys45	R	10	122.128060264	122.674199623	122.128060264	122.674199623	122.128060264	122.674199623
src-keys45	R	11	66.553672316	119.209039548	66.553672316	119.209039548	66.553672316	119.209039548
src-keys45	R	12	77.005649718	175.706214689	77.005649718	175.706214689	77.005649718	175.706214689
src-keys45	R	13	130.838041431	178.088512241	130.838041431	178.088512241	130.838041431	178.088512241
src-keys45	R	14	195.436911488	180.947269303	195.436911488	180.947269303	195.436911488	180.947269303
src-keys45	R	15	249.269303202	183.329566855	249.269303202	183.329566855	249.269303202	183.329566855
src-keys45	R	16	324.634651601	186.664783427	324.634651601	186.664783427	324.634651601	186.664783427
src-keys45	R	17	400	190	400	190	400	190
src-keys45	R	18	400	250	400	250	400	250
src-keys45	R	19	327.561205273	248.483992467	327.561205273	248.483992467	327.561205273	248.483992467
src-keys45	R	20	255.122410546	246.967984934	255.122410546	246.967984934	255.122410546	246.967984934
src-keys45	R	21	203.380414313	245.885122411	203.380414313	245.885122411	203.380414313	245.885122411
src-keys45	R	22	141.290018832	244.585687382	141.290018832	244.585687382	141.290018832	244.585687382
src-keys45	R	23	89.548022599	243.502824859	89.548022599	243.502824859	89.548022599	243.502824859
src-keys45	R	24	100	300	100	300	100	300
src-keys45	R	25	150	300	150	300	150	300
src-keys45	R	26	210	300	210	300	210	300
src-keys45	R	27	260	300	260	300	260	300
src-keys45	R	28	330	300	330	300	330	300
src-keys45	R	29	400	300	400	300	400	300
src-keys46	R	0	63	100	63	100	63	100
src-keys46	R	1	115.333333333	100	115.333333333	100	115.333333333	100
src-keys46	R	2	178.133333333	100	178.133333333	100	178.133333333	100
src-keys46	R	3	230.466666667	100	230.466666667	100	230.466666667	100
src-keys46	R	4	303.733333333	100	303.733333333	100	303.733333333	100
src-keys46	R	5	377	100	377	100	377	100
src-keys46	R	6	381.6	140	381.6	140	381.6	140
src-keys46	R	7	308.986666667	140	308.986666667	140	308.986666667	140
src-keys46	R	8	236.373333333	140	236.373333333	140	236.373333333	140
src-keys46	R	9	184.506666667	140	184.506666667	140	184.506666667	140
src-keys46	R	10	122.266666667	140	122.266666667	140	122.266666667	140
src-keys46	R	11	70.4	140	70.4	140	70.4	140
src-keys46	R	12	79.65	190	79.65	190	79.65	190
src-keys46	R	13	130.933333333	190	130.933333333	190	130.933333333	190
src-keys46	R	14	192.473333333	190	192.473333333	190	192.473333333	190
src-keys46	R	15	243.756666667	190	243.756666667	190	243.756666667	190
src-keys46	R	16	315.553333333	190	315.553333333	190	315.553333333	190
src-keys46	R	17	387.35	190	387.35	190	387.35	190
src-keys46	R	18	394.25	250	394.25	250	394.25	250
src-keys46	R	19	323.433333333	250	323.433333333	250	323.433333333	250
src-keys46	R	20	252.616666667	250	252.616666667	250	252.616666667	250
src-keys46	R	21	202.033333333	250	202.033333333	250	202.033333333	250
src-keys46	R	22	141.333333333	250	141.333333333	250	141.333333333	250
src-keys46	R	23	90.75	250	90.75	250	90.75	250
src-keys46	R	24	100	300	100	300	100	300
src-keys46	R	25	150	300	150	300	150	300
src-keys46	R	26	210	300	210	300	210	300
src-keys46	R	27	260	300	260	300	260	300
src-keys46	R	28	330	300	330	300	330	300
src-keys46	R	29	400	300	400	300	400	300
src-keys47	R	0	63	100	63	100	63	100
src-keys47	R	1	119.166666667	96.166666667	119.166666667	96.166666667	119.166666667	96.166666667
src-keys47	R	2	186.566666667	91.566666667	186.566666667	91.566666667	186.566666667	91.566666667
src-keys47	R	3	242.733333333	87.733333333	242.733333333	87.733333333	242.733333333	87.733333333
src-keys47	R	4	321.366666667	82.366666667	321.366666667	82.366666667	321.366666667	82.366666667
src-keys47	R	5	400	77	400	77	400	77
src-keys47	R	6	400	121.6	400	121.6	400	121.6
src-keys47	R	7	323.093333333	125.893333333	323.093333333	125.893333333	323.093333333	125.893333333
src-keys47	R	8	246.186666667	130.186666667	246.186666667	130.186666667	246.186666667	130.186666667
src-keys47	R	9	191.253333333	133.253333333	191.253333333	133.253333333	191.253333333	133.253333333
src-keys47	R	10	125.333333333	136.933333333	125.333333333	136.933333333	125.333333333	136.933333333
src-keys47	R	11	70.4	140	70.4	140	70.4	140
src-keys47	R	12	79.65	190	79.65	190	79.65	190
src-keys47	R	13	133.041666667	187.891666667	133.041666667	187.891666667	133.041666667	187.891666667
src-keys47	R	14	197.111666667	185.361666667	197.111666667	185.361666667	197.111666667	185.361666667
src-keys47	R	15	250.503333333	183.253333333	250.503333333	183.253333333	250.503333333	183.253333333
src-keys47	R	16	325.251666667	180.301666667	325.251666667	180.301666667	325.251666667	180.301666667
src-keys47	R	17	400	177.35	400	177.35	400	177.35
src-keys47	R	18	400	244.25	400	244.25	400	244.25
src-keys47	R	19	327.841666667	245.591666667	327.841666667	245.591666667	327.841666667	245.591666667
src-keys47	R	20	255.683333333	246.933333333	255.683333333	246.933333333	255.683333333	246.933333333
src-keys47	R	21	204.141666667	247.891666667	204.141666667	247.891666667	204.141666667	247.891666667
src-keys47	R	22	142.291666667	249.041666667	142.291666667	249.041666667	142.291666667	249.041666667
src-keys47	R	23	90.75	250	90.75	250	90.75	250
src-keys47	R	24	100	300	100	300	100	300
src-keys47	R	25	150	300	150	300	150	300
src-keys47	R	26	210	300	210	300	210	300
src-keys47	R	27	260	300	260	300	260	300
src-keys47	R	28	330	300	330	300	330	300
src-keys47	R	29	400	300	400	300	400	300
src-keys56	R	0	100	54.601226994	100	54.601226994	100	54.601226994
src-keys56	R	1	145.296523517	62.167689162	145.296523517	62.167689162	145.296523517	62.167689162
src-keys56	R	2	199.652351738	71.247443763	199.652351738	71.247443763	199.652351738	71.247443763
src-keys56	R	3	244.948875256	78.81390593	244.948875256	78.81390593	244.948875256	78.81390593
src-keys56	R	4	308.36400818	89.406952965	308.36400818	89.406952965	308.36400818	89.406952965
src-keys56	R	5	371.779141104	100	371.779141104	100	371.779141104	100
src-keys56	R	6	377.423312883	140	377.423312883	140	377.423312883	140
src-keys56	R	7	312.691206544	131.525562372	312.691206544	131.525562372	312.691206544	131.525562372
src-keys56	R	8	247.959100204	123.051124744	247.959100204	123.051124744	247.959100204	123.051124744
src-keys56	R	9	201.721881391	116.99795501	201.721881391	116.99795501	201.721881391	116.99795501
src-keys56	R	10	146.237218814	109.734151329	146.237218814	109.734151329	146.237218814	109.734151329
src-keys56	R	11	100	103.680981595	100	103.680981595	100	103.680981595
src-keys56	R	12	100	165.030674847	100	165.030674847	100	165.030674847
src-keys56	R	13	147.413087935	169.192229039	147.413087935	169.192229039	147.413087935	169.192229039
src-keys56	R	14	204.308793456	174.18609407	204.308793456	174.18609407	204.308793456	174.18609407
src-keys56	R	15	251.721881391	178.347648262	251.721881391	178.347648262	251.721881391	178.347648262
src-keys56	R	16	318.100204499	184.173824131	318.100204499	184.173824131	318.100204499	184.173824131
src-keys56	R	17	384.478527607	190	384.478527607	190	384.478527607	190
src-keys56	R	18	392.944785276	250	392.944785276	250	392.944785276	250
src-keys56	R	19	324.591002045	247.351738241	324.591002045	247.351738241	324.591002045	247.351738241
src-keys56	R	20	256.237218814	244.703476483	256.237218814	244.703476483	256.237218814	244.703476483
src-keys56	R	21	207.413087935	242.811860941	207.413087935	242.811860941	207.413087935	242.811860941
src-keys56	R	22	148.824130879	240.54192229	148.824130879	240.54192229	148.824130879	240.54192229
src-keys56	R	23	100	238.650306748	100	238.650306748	100	238.650306748
src-keys56	R	24	100	300	100	300	100	300
src-keys56	R	25	150	300	150	300	150	300
src-keys56	R	26	210	300	210	300	210	300
src-keys56	R	27	260	300	260	300	260	300
src-keys56	R	28	330	300	330	300	330	300
src-keys56	R	29	400	300	400	300	400	300
src-keys57	R	0	100	54.601226994	100	54.601226994	100	54.601226994
src-keys57	R	1	150	57.464212679	150	57.464212679	150	57.464212679
src-keys57	R	2	210	60.899795501	210	60.899795501	210	60.899795501
src-keys57	R	3	260	63.762781186	260	63.762781186	260	63.762781186
src-keys57	R	4	330	67.770961145	330	67.770961145	330	67.770961145
src-keys57	R	5	400	71.779141104	400	71.779141104	400	71.779141104
src-keys57	R	6	400	117.423312883	400	117.423312883	400	117.423312883
src-keys57	R	7	330	114.216768916	330	114.216768916	330	114.216768916
src-keys57	R	8	260	111.010224949	260	111.010224949	260	111.010224949
src-keys57	R	9	210	108.719836401	210	108.719836401	210	108.719836401
src-keys57	R	10	150	105.971370143	150	105.971370143	150	105.971370143
src-keys57	R	11	100	103.680981595	100	103.680981595	100	103.680981595
src-keys57	R	12	100	165.030674847	100	165.030674847	100	165.030674847
src-keys57	R	13	150	166.605316973	150	166.605316973	150	166.605316973
src-keys57	R	14	210	168.494887526	210	168.494887526	210	168.494887526
src-keys57	R	15	260	170.069529652	260	170.069529652	260	170.069529652
src-keys57	R	16	330	172.27402863	330	172.27402863	330	172.27402863
src-keys57	R	17	400	174.478527607	400	174.478527607	400	174.478527607
src-keys57	R	18	400	242.944785276	400	242.944785276	400	242.944785276
src-keys57	R	19	330	241.942740286	330	241.942740286	330	241.942740286
src-keys57	R	20	260	240.940695297	260	240.940695297	260	240.940695297
src-keys57	R	21	210	240.224948875	210	240.224948875	210	240.224948875
src-keys57	R	22	150	239.36605317	150	239.36605317	150	239.36605317
src-keys57	R	23	100	238.650306748	100	238.650306748	100	238.650306748
src-keys57	R	24	100	300	100	300	100	300
src-keys57	R	25	150	300	150	300	150	300
src-keys57	R	26	210	300	210	300	210	300
src-keys57	R	27	260	300	260	300	260	300
src-keys57	R	28	330	300	330	300	330	300
src-keys57	R	29	400	300	400	300	400	300
src-keys67	R	0	100	100	100	100	100	100
src-keys67	R	1	143.833333333	96.166666667	143.833333333	96.166666667	143.833333333	96.166666667
src-keys67	R	2	196.433333333	91.566666667	196.433333333	91.566666667	196.433333333	91.566666667
src-keys67	R	3	240.266666667	87.733333333	240.266666667	87.733333333	240.266666667	87.733333333
src-keys67	R	4	301.633333333	82.366666667	301.633333333	82.366666667	301.633333333	82.366666667
src-keys67	R	5	363	77	363	77	363	77
src-keys67	R	6	370.4	121.6	370.4	121.6	370.4	121.6
src-keys67	R	7	307.306666667	125.893333333	307.306666667	125.893333333	307.306666667	125.893333333
src-keys67	R	8	244.213333333	130.186666667	244.213333333	130.186666667	244.213333333	130.186666667
src-keys67	R	9	199.146666667	133.253333333	199.146666667	133.253333333	199.146666667	133.253333333
src-keys67	R	10	145.066666667	136.933333333	145.066666667	136.933333333	145.066666667	136.933333333
src-keys67	R	11	100	140	100	140	100	140
src-keys67	R	12	100	190	100	190	100	190
src-keys67	R	13	146.608333333	187.891666667	146.608333333	187.891666667	146.608333333	187.891666667
src-keys67	R	14	202.538333333	185.361666667	202.538333333	185.361666667	202.538333333	185.361666667
src-keys67	R	15	249.146666667	183.253333333	249.146666667	183.253333333	249.146666667	183.253333333
src-keys67	R	16	314.398333333	180.301666667	314.398333333	180.301666667	314.398333333	180.301666667
src-keys67	R	17	379.65	177.35	379.65	177.35	379.65	177.35
src-keys67	R	18	390.75	244.25	390.75	244.25	390.75	244.25
src-keys67	R	19	322.908333333	245.591666667	322.908333333	245.591666667	322.908333333	245.591666667
src-keys67	R	20	255.066666667	246.933333333	255.066666667	246.933333333	255.066666667	246.933333333
src-keys67	R	21	206.608333333	247.891666667	206.608333333	247.891666667	206.608333333	247.891666667
src-keys67	R	22	148.458333333	249.041666667	148.458333333	249.041666667	148.458333333	249.041666667
src-keys67	R	23	100	250	100	250	100	250
src-keys67	R	24	100	300	100	300	100	300
src-keys67	R	25	150	300	150	300	150	300
src-keys67	R	26	210	300	210	300	210	300
src-keys67	R	27	260	300	260	300	260	300
src-keys67	R	28	330	300	330	300	330	300
src-keys67	R	29	400	300	400	300	400	300
convex-identity	R	0	73.148880105	107.878787879	73.148880105	107.878787879	73.148880105	107.878787879
convex-identity	R	1	130.197628458	103.794466403	130.197628458	103.794466403	130.197628458	103.794466403
convex-identity	R	2	198.656126482	98.893280632	198.656126482	98.893280632	198.656126482	98.893280632
convex-identity	R	3	255.704874835	94.808959157	255.704874835	94.808959157	255.704874835	94.808959157
convex-identity	R	4	335.57312253	89.090909091	335.57312253	89.090909091	335.57312253	89.090909091
convex-identity	R	5	415.441370224	83.372859025	415.441370224	83.372859025	415.441370224	83.372859025
convex-identity	R	6	409.328063241	129.591567852	409.328063241	129.591567852	409.328063241	129.591567852
convex-identity	R	7	332.411067194	132.727272727	332.411067194	132.727272727	332.411067194	132.727272727
convex-identity	R	8	255.494071146	135.862977602	255.494071146	135.862977602	255.494071146	135.862977602
convex-identity	R	9	200.553359684	138.102766798	200.553359684	138.102766798	200.553359684	138.102766798
convex-identity	R	10	134.624505929	140.790513834	134.624505929	140.790513834	134.624505929	140.790513834
convex-identity	R	11	79.683794466	143.03030303	79.683794466	143.03030303	79.683794466	143.03030303
convex-identity	R	12	87.852437418	186.96969697	87.852437418	186.96969697	87.852437418	186.96969697
convex-identity	R	13	140.158102767	187.035573123	140.158102767	187.035573123	140.158102767	187.035573123
convex-identity	R	14	202.924901186	187.114624506	202.924901186	187.114624506	202.924901186	187.114624506
convex-identity	R	15	255.230566535	187.180500659	255.230566535	187.180500659	255.230566535	187.180500659
convex-identity	R	16	328.458498024	187.272727273	328.458498024	187.272727273	328.458498024	187.272727273
convex-identity	R	17	401.686429513	187.364953887	401.686429513	187.364953887	401.686429513	187.364953887
convex-identity	R	18	392.516469038	256.693017128	392.516469038	256.693017128	392.516469038	256.693017128
convex-identity	R	19	323.71541502	252.727272727	323.71541502	252.727272727	323.71541502	252.727272727
convex-identity	R	20	254.914361001	248.761528327	254.914361001	248.761528327	254.914361001	248.761528327
convex-identity	R	21	205.770750988	245.928853755	205.770750988	245.928853755	205.770750988	245.928853755
convex-identity	R	22	146.798418972	242.529644269	146.798418972	242.529644269	146.798418972	242.529644269
convex-identity	R	23	97.654808959	239.696969697	97.654808959	239.696969697	97.654808959	239.696969697
convex-identity	R	24	105.82345191	283.636363636	105.82345191	283.636363636	105.82345191	283.636363636
convex-identity	R	25	152.33201581	288.774703557	152.33201581	288.774703557	152.33201581	288.774703557
convex-identity	R	26	208.14229249	294.940711462	208.14229249	294.940711462	208.14229249	294.940711462
convex-identity	R	27	254.65085639	300.079051383	254.65085639	300.079051383	254.65085639	300.079051383
convex-identity	R	28	319.76284585	307.272727273	319.76284585	307.272727273	319.76284585	307.272727273
convex-identity	R	29	384.87483531	314.466403162	384.87483531	314.466403162	384.87483531	314.466403162
convex-general	R	0	35.019762846	93.306982872	35.019762846	93.306982872	35.019762846	93.306982872
convex-general	R	1	92.112428634	97.698726394	92.112428634	97.698726394	92.112428634	97.698726394
convex-general	R	2	160.62362758	102.968818621	160.62362758	102.968818621	160.62362758	102.968818621
convex-general	R	3	217.716293368	107.360562143	217.716293368	107.360562143	217.716293368	107.360562143
convex-general	R	4	297.646025472	113.509003074	297.646025472	113.509003074	297.646025472	113.509003074
convex-general	R	5	377.575757576	119.657444005	377.575757576	119.657444005	377.575757576	119.657444005
convex-general	R	6	388.748353096	157.243741765	388.748353096	157.243741765	388.748353096	157.243741765
convex-general	R	7	311.12551603	153.466139657	311.12551603	153.466139657	311.12551603	153.466139657
convex-general	R	8	233.502678964	149.688537549	233.502678964	149.688537549	233.502678964	149.688537549
convex-general	R	9	178.057795345	146.990250329	178.057795345	146.990250329	178.057795345	146.990250329
convex-general	R	10	111.523935002	143.752305665	111.523935002	143.752305665	111.523935002	143.752305665
convex-general	R	11	56.079051383	141.054018445	56.079051383	141.054018445	56.079051383	141.054018445
convex-general	R	12	82.403162055	200.737812912	82.403162055	200.737812912	82.403162055	200.737812912
convex-general	R	13	135.788317962	201.319279754	135.788317962	201.319279754	135.788317962	201.319279754
convex-general	R	14	199.850505051	202.017039965	199.850505051	202.017039965	199.850505051	202.017039965
convex-general	R	15	253.235660957	202.598506807	253.235660957	202.598506807	253.235660957	202.598506807
convex-general	R	16	327.974879227	203.412560386	327.974879227	203.412560386	327.974879227	203.412560386
convex-general	R	17	402.714097497	204.226613966	402.714097497	204.226613966	402.714097497	204.226613966
convex-general	R	18	419.472990777	260.606060606	419.472990777	260.606060606	419.472990777	260.606060606
convex-general	R	19	348.194115064	263.348265261	348.194115064	263.348265261	348.194115064	263.348265261
convex-general	R	20	276.91523935	266.090469917	276.91523935	266.090469917	276.91523935	266.090469917
convex-general	R	21	226.001756697	268.049187527	226.001756697	268.049187527	226.001756697	268.049187527
convex-general	R	22	164.905577514	270.399648661	164.905577514	270.399648661	164.905577514	270.399648661
convex-general	R	23	113.992094862	272.358366271	113.992094862	272.358366271	113.992094862	272.358366271
convex-general	R	24	140.316205534	332.042160738	140.316205534	332.042160738	140.316205534	332.042160738
convex-general	R	25	189.169960474	327.966622749	189.169960474	327.966622749	189.169960474	327.966622749
convex-general	R	26	247.794466403	323.075977163	247.794466403	323.075977163	247.794466403	323.075977163
convex-general	R	27	296.648221344	319.000439174	296.648221344	319.000439174	296.648221344	319.000439174
convex-general	R	28	365.043478261	313.29468599	365.043478261	313.29468599	365.043478261	313.29468599
convex-general	R	29	433.438735178	307.588932806	433.438735178	307.588932806	433.438735178	307.588932806
convex-dst-key0+37	R	0	73.148880105	107.878787879	73.148880105	107.878787879	73.148880105	107.878787879
convex-dst-key0+37	R	1	130.197628458	103.794466403	130.197628458	103.794466403	130.197628458	103.794466403
convex-dst-key0+37	R	2	198.656126482	98.893280632	198.656126482	98.893280632	198.656126482	98.893280632
convex-dst-key0+37	R	3	255.704874835	94.808959157	255.704874835	94.808959157	255.704874835	94.808959157
convex-dst-key0+37	R	4	335.57312253	89.090909091	335.57312253	89.090909091	335.57312253	89.090909091
convex-dst-key0+37	R	5	415.441370224	83.372859025	415.441370224	83.372859025	415.441370224	83.372859025
convex-dst-key0+37	R	6	409.328063241	129.591567852	409.328063241	129.591567852	409.328063241	129.591567852
convex-dst-key0+37	R	7	334.017162934	132.904716733	334.017162934	132.904716733	334.017162934	132.904716733
convex-dst-key0+37	R	8	258.706262626	136.217865613	258.706262626	136.217865613	258.706262626	136.217865613
convex-dst-key0+37	R	9	204.912762407	138.584400527	204.912762407	138.584400527	204.912762407	138.584400527
convex-dst-key0+37	R	10	140.360562143	141.424242424	140.360562143	141.424242424	140.360562143	141.424242424
convex-dst-key0+37	R	11	86.567061924	143.790777339	86.567061924	143.790777339	86.567061924	143.790777339
convex-dst-key0+37	R	12	103.339789196	188.680764163	103.339789196	188.680764163	103.339789196	188.680764163
convex-dst-key0+37	R	13	153.064229249	188.461462451	153.064229249	188.461462451	153.064229249	188.461462451
convex-dst-key0+37	R	14	212.733557312	188.198300395	212.733557312	188.198300395	212.733557312	188.198300395
convex-dst-key0+37	R	15	262.457997365	187.978998682	262.457997365	187.978998682	262.457997365	187.978998682
convex-dst-key0+37	R	16	332.072213439	187.671976285	332.072213439	187.671976285	332.072213439	187.671976285
convex-dst-key0+37	R	17	401.686429513	187.364953887	401.686429513	187.364953887	401.686429513	187.364953887
convex-dst-key0+37	R	18	392.516469038	256.693017128	392.516469038	256.693017128	392.516469038	256.693017128
convex-dst-key0+37	R	19	329.738274045	253.392687747	329.738274045	253.392687747	329.738274045	253.392687747
convex-dst-key0+37	R	20	266.960079051	250.092358366	266.960079051	250.092358366	266.960079051	250.092358366
convex-dst-key0+37	R	21	222.118511199	247.734980237	222.118511199	247.734980237	222.118511199	247.734980237
convex-dst-key0+37	R	22	168.308629776	244.906126482	168.308629776	244.906126482	168.308629776	244.906126482
convex-dst-key0+37	R	23	123.467061924	242.548748353	123.467061924	242.548748353	123.467061924	242.548748353
convex-dst-key0+37	R	24	140.239789196	287.438735178	140.239789196	287.438735178	140.239789196	287.438735178
convex-dst-key0+37	R	25	181.012296882	291.943346509	181.012296882	291.943346509	181.012296882	291.943346509
convex-dst-key0+37	R	26	229.939306105	297.348880105	229.939306105	297.348880105	229.939306105	297.348880105
convex-dst-key0+37	R	27	270.71181379	301.853491436	270.71181379	301.853491436	270.71181379	301.853491436
convex-dst-key0+37	R	28	327.79332455	308.159947299	327.79332455	308.159947299	327.79332455	308.159947299
convex-dst-key0+37	R	29	384.87483531	314.466403162	384.87483531	314.466403162	384.87483531	314.466403162
convex-dst-key1+37	R	0	73.148880105	107.878787879	73.148880105	107.878787879	73.148880105	107.878787879
convex-dst-key1+37	R	1	130.197628458	103.794466403	130.197628458	103.794466403	130.197628458	103.794466403
convex-dst-key1+37	R	2	198.656126482	98.893280632	198.656126482	98.893280632	198.656126482	98.893280632
convex-dst-key1+37	R	3	255.704874835	94.808959157	255.704874835	94.808959157	255.704874835	94.808959157
convex-dst-key1+37	R	4	335.57312253	89.090909091	335.57312253	89.090909091	335.57312253	89.090909091
convex-dst-key1+37	R	5	415.441370224	83.372859025	415.441370224	83.372859025	415.441370224	83.372859025
convex-dst-key1+37	R	6	409.328063241	129.591567852	409.328063241	129.591567852	409.328063241	129.591567852
convex-dst-key1+37	R	7	332.693157664	134.244646465	332.693157664	134.244646465	332.693157664	134.244646465
convex-dst-key1+37	R	8	256.058252086	138.897725077	256.058252086	138.897725077	256.058252086	138.897725077
convex-dst-key1+37	R	9	201.319033816	142.221352657	201.319033816	142.221352657	201.319033816	142.221352657
convex-dst-key1+37	R	10	135.631971893	146.209705753	135.631971893	146.209705753	135.631971893	146.209705753
convex-dst-key1+37	R	11	80.892753623	149.533333333	80.892753623	149.533333333	80.892753623	149.533333333
convex-dst-key1+37	R	12	90.57259552	201.601515152	90.57259552	201.601515152	90.57259552	201.601515152
convex-dst-key1+37	R	13	142.424901186	199.228754941	142.424901186	199.228754941	142.424901186	199.228754941
convex-dst-key1+37	R	14	204.647667984	196.381442688	204.647667984	196.381442688	204.647667984	196.381442688
convex-dst-key1+37	R	15	256.49997365	194.008682477	256.49997365	194.008682477	256.49997365	194.008682477
convex-dst-key1+37	R	16	329.093201581	190.686818182	329.093201581	190.686818182	329.093201581	190.686818182
convex-dst-key1+37	R	17	401.686429513	187.364953887	401.686429513	187.364953887	401.686429513	187.364953887
convex-dst-key1+37	R	18	392.516469038	256.693017128	392.516469038	256.693017128	392.516469038	256.693017128
convex-dst-key1+37	R	19	324.773254282	258.417424242	324.773254282	258.417424242	324.773254282	258.417424242
convex-dst-key1+37	R	20	257.030039526	260.141831357	257.030039526	260.141831357	257.030039526	260.141831357
convex-dst-key1+37	R	21	208.642028986	261.373550725	208.642028986	261.373550725	208.642028986	261.373550725
convex-dst-key1+37	R	22	150.576416337	262.851613966	150.576416337	262.851613966	150.576416337	262.851613966
convex-dst-key1+37	R	23	102.188405797	264.083333333	102.188405797	264.083333333	102.188405797	264.083333333
convex-dst-key1+37	R	24	111.868247694	316.151515152	111.868247694	316.151515152	111.868247694	316.151515152
convex-dst-key1+37	R	25	157.36934563	315.870663153	157.36934563	315.870663153	157.36934563	315.870663153
convex-dst-key1+37	R	26	211.970663153	315.533640755	211.970663153	315.533640755	211.970663153	315.533640755
convex-dst-key1+37	R	27	257.471761089	315.252788757	257.471761089	315.252788757	257.471761089	315.252788757
convex-dst-key1+37	R	28	321.173298199	314.85959596	321.173298199	314.85959596	321.173298199	314.85959596
convex-dst-key1+37	R	29	384.87483531	314.466403162	384.87483531	314.466403162	384.87483531	314.466403162
convex-dst-key2+37	R	0	73.148880105	107.878787879	73.148880105	107.878787879	73.148880105	107.878787879
convex-dst-key2+37	R	1	130.197628458	103.794466403	130.197628458	103.794466403	130.197628458	103.794466403
convex-dst-key2+37	R	2	198.656126482	98.893280632	198.656126482	98.893280632	198.656126482	98.893280632
convex-dst-key2+37	R	3	255.704874835	94.808959157	255.704874835	94.808959157	255.704874835	94.808959157
convex-dst-key2+37	R	4	335.57312253	89.090909091	335.57312253	89.090909091	335.57312253	89.090909091
convex-dst-key2+37	R	5	415.441370224	83.372859025	415.441370224	83.372859025	415.441370224	83.372859025
convex-dst-key2+37	R	6	416.211330698	130.352042161	416.211330698	130.352042161	416.211330698	130.352042161
convex-dst-key2+37	R	7	337.688238911	133.31030303	337.688238911	133.31030303	337.688238911	133.31030303
convex-dst-key2+37	R	8	259.165147123	136.2685639	259.165147123	136.2685639	259.165147123	136.2685639
convex-dst-key2+37	R	9	203.077224418	138.381607378	203.077224418	138.381607378	203.077224418	138.381607378
convex-dst-key2+37	R	10	135.771717172	140.917259552	135.771717172	140.917259552	135.771717172	140.917259552
convex-dst-key2+37	R	11	79.683794466	143.03030303	79.683794466	143.03030303	79.683794466	143.03030303
convex-dst-key2+37	R	12	87.852437418	186.96969697	87.852437418	186.96969697	87.852437418	186.96969697
convex-dst-key2+37	R	13	142.739328063	187.320750988	142.739328063	187.320750988	142.739328063	187.320750988
convex-dst-key2+37	R	14	208.603596838	187.74201581	208.603596838	187.74201581	208.603596838	187.74201581
convex-dst-key2+37	R	15	263.490487484	188.093069829	263.490487484	188.093069829	263.490487484	188.093069829
convex-dst-key2+37	R	16	340.332134387	188.584545455	340.332134387	188.584545455	340.332134387	188.584545455
convex-dst-key2+37	R	17	417.173781291	189.07602108	417.173781291	189.07602108	417.173781291	189.07602108
convex-dst-key2+37	R	18	418.328722003	259.544795784	418.328722003	259.544795784	418.328722003	259.544795784
convex-dst-key2+37	R	19	343.504808959	254.913636364	343.504808959	254.913636364	343.504808959	254.913636364
convex-dst-key2+37	R	20	268.680895916	250.282476943	268.680895916	250.282476943	268.680895916	250.282476943
convex-dst-key2+37	R	21	215.235243742	246.974505929	215.235243742	246.974505929	215.235243742	246.974505929
convex-dst-key2+37	R	22	151.100461133	243.004940711	151.100461133	243.004940711	151.100461133	243.004940711
convex-dst-key2+37	R	23	97.654808959	239.696969697	97.654808959	239.696969697	97.654808959	239.696969697
convex-dst-key2+37	R	24	105.82345191	283.636363636	105.82345191	283.636363636	105.82345191	283.636363636
convex-dst-key2+37	R	25	158.068072025	289.408432148	158.068072025	289.408432148	158.068072025	289.408432148
convex-dst-key2+37	R	26	220.761616162	296.334914361	220.761616162	296.334914361	220.761616162	296.334914361
convex-dst-key2+37	R	27	273.006236276	302.106982872	273.006236276	302.106982872	273.006236276	302.106982872
convex-dst-key2+37	R	28	346.148704436	310.187878788	346.148704436	310.187878788	346.148704436	310.187878788
convex-dst-key2+37	R	29	419.291172596	318.268774704	419.291172596	318.268774704	419.291172596	318.268774704
convex-dst-key3+37	R	0	73.148880105	107.878787879	73.148880105	107.878787879	73.148880105	107.878787879
convex-dst-key3+37	R	1	130.197628458	103.794466403	130.197628458	103.794466403	130.197628458	103.794466403
convex-dst-key3+37	R	2	198.656126482	98.893280632	198.656126482	98.893280632	198.656126482	98.893280632
convex-dst-key3+37	R	3	255.704874835	94.808959157	255.704874835	94.808959157	255.704874835	94.808959157
convex-dst-key3+37	R	4	335.57312253	89.090909091	335.57312253	89.090909091	335.57312253	89.090909091
convex-dst-key3+37	R	5	415.441370224	83.372859025	415.441370224	83.372859025	415.441370224	83.372859025
convex-dst-key3+37	R	6	408.197101449	138.142028986	408.197101449	138.142028986	408.197101449	138.142028986
convex-dst-key3+37	R	7	331.543996487	139.282626263	331.543996487	139.282626263	331.543996487	139.282626263
convex-dst-key3+37	R	8	254.890891524	140.42322354	254.890891524	140.42322354	254.890891524	140.42322354
convex-dst-key3+37	R	9	200.138673693	141.237935881	200.138673693	141.237935881	200.138673693	141.237935881
convex-dst-key3+37	R	10	134.436012297	142.21559069	134.436012297	142.21559069	134.436012297	142.21559069
convex-dst-key3+37	R	11	79.683794466	143.03030303	79.683794466	143.03030303	79.683794466	143.03030303
convex-dst-key3+37	R	12	87.852437418	186.96969697	87.852437418	186.96969697	87.852437418	186.96969697
convex-dst-key3+37	R	13	139.733992095	190.241996047	139.733992095	190.241996047	139.733992095	190.241996047
convex-dst-key3+37	R	14	201.991857708	194.168754941	201.991857708	194.168754941	201.991857708	194.168754941
convex-dst-key3+37	R	15	253.873412385	197.441054018	253.873412385	197.441054018	253.873412385	197.441054018
convex-dst-key3+37	R	16	326.507588933	202.022272727	326.507588933	202.022272727	326.507588933	202.022272727
convex-dst-key3+37	R	17	399.141765481	206.603491436	399.141765481	206.603491436	399.141765481	206.603491436
convex-dst-key3+37	R	18	388.275362319	288.757246377	388.275362319	288.757246377	388.275362319	288.757246377
convex-dst-key3+37	R	19	320.463899868	277.309848485	320.463899868	277.309848485	320.463899868	277.309848485
convex-dst-key3+37	R	20	252.652437418	265.862450593	252.652437418	265.862450593	252.652437418	265.862450593
convex-dst-key3+37	R	21	204.215678524	257.685737813	204.215678524	257.685737813	204.215678524	257.685737813
convex-dst-key3+37	R	22	146.091567852	247.873682477	146.091567852	247.873682477	146.091567852	247.873682477
convex-dst-key3+37	R	23	97.654808959	239.696969697	97.654808959	239.696969697	97.654808959	239.696969697
convex-dst-key3+37	R	24	105.82345191	283.636363636	105.82345191	283.636363636	105.82345191	283.636363636
convex-dst-key3+37	R	25	151.38954765	295.900087835	151.38954765	295.900087835	151.38954765	295.900087835
convex-dst-key3+37	R	26	206.068862538	310.616556873	206.068862538	310.616556873	206.068862538	310.616556873
convex-dst-key3+37	R	27	251.634958278	322.880281072	251.634958278	322.880281072	251.634958278	322.880281072
convex-dst-key3+37	R	28	315.427492314	340.049494949	315.427492314	340.049494949	315.427492314	340.049494949
convex-dst-key3+37	R	29	379.22002635	357.218708827	379.22002635	357.218708827	379.22002635	357.218708827
convex-dst-key4+37	R	0	115.364953887	104.856389987	115.364953887	104.856389987	115.364953887	104.856389987
convex-dst-key4+37	R	1	165.377689943	101.275801493	165.377689943	101.275801493	165.377689943	101.275801493
convex-dst-key4+37	R	2	225.39297321	96.979095301	225.39297321	96.979095301	225.39297321	96.979095301
convex-dst-key4+37	R	3	275.405709267	93.398506807	275.405709267	93.398506807	275.405709267	93.398506807
convex-dst-key4+37	R	4	345.423539745	88.385682916	345.423539745	88.385682916	345.423539745	88.385682916
convex-dst-key4+37	R	5	415.441370224	83.372859025	415.441370224	83.372859025	415.441370224	83.372859025
convex-dst-key4+37	R	6	409.328063241	129.591567852	409.328063241	129.591567852	409.328063241	129.591567852
convex-dst-key4+37	R	7	340.291400966	132.163091787	340.291400966	132.163091787	340.291400966	132.163091787
convex-dst-key4+37	R	8	271.254738691	134.734615722	271.254738691	134.734615722	271.254738691	134.734615722
convex-dst-key4+37	R	9	221.942837066	136.571418533	221.942837066	136.571418533	221.942837066	136.571418533
convex-dst-key4+37	R	10	162.768555116	138.775581906	162.768555116	138.775581906	162.768555116	138.775581906
convex-dst-key4+37	R	11	113.456653491	140.612384717	113.456653491	140.612384717	113.456653491	140.612384717
convex-dst-key4+37	R	12	111.071277997	185.307378129	111.071277997	185.307378129	111.071277997	185.307378129
convex-dst-key4+37	R	13	159.507136583	185.650307422	159.507136583	185.650307422	159.507136583	185.650307422
convex-dst-key4+37	R	14	217.630166886	186.061822574	217.630166886	186.061822574	217.630166886	186.061822574
convex-dst-key4+37	R	15	266.066025472	186.404751866	266.066025472	186.404751866	266.066025472	186.404751866
convex-dst-key4+37	R	16	333.876227492	186.884852877	333.876227492	186.884852877	333.876227492	186.884852877
convex-dst-key4+37	R	17	401.686429513	187.364953887	401.686429513	187.364953887	401.686429513	187.364953887
convex-dst-key4+37	R	18	392.516469038	256.693017128	392.516469038	256.693017128	392.516469038	256.693017128
convex-dst-key4+37	R	19	326.178019324	252.550966184	326.178019324	252.550966184	326.178019324	252.550966184
convex-dst-key4+37	R	20	259.839569609	248.408915239	259.839569609	248.408915239	259.839569609	248.408915239
convex-dst-key4+37	R	21	212.45496267	245.450307422	212.45496267	245.450307422	212.45496267	245.450307422
convex-dst-key4+37	R	22	155.593434343	241.899978041	155.593434343	241.899978041	155.593434343	241.899978041
convex-dst-key4+37	R	23	108.208827404	238.941370224	108.208827404	238.941370224	108.208827404	238.941370224
convex-dst-key4+37	R	24	105.82345191	283.636363636	105.82345191	283.636363636	105.82345191	283.636363636
convex-dst-key4+37	R	25	152.33201581	288.774703557	152.33201581	288.774703557	152.33201581	288.774703557
convex-dst-key4+37	R	26	208.14229249	294.940711462	208.14229249	294.940711462	208.14229249	294.940711462
convex-dst-key4+37	R	27	254.65085639	300.079051383	254.65085639	300.079051383	254.65085639	300.079051383
convex-dst-key4+37	R	28	319.76284585	307.272727273	319.76284585	307.272727273	319.76284585	307.272727273
convex-dst-key4+37	R	29	384.87483531	314.466403162	384.87483531	314.466403162	384.87483531	314.466403162
convex-dst-key5+37	R	0	79.193675889	140.393939394	79.193675889	140.393939394	79.193675889	140.393939394
convex-dst-key5+37	R	1	135.234958278	130.890425999	135.234958278	130.890425999	135.234958278	130.890425999
convex-dst-key5+37	R	2	202.484497145	119.486209925	202.484497145	119.486209925	202.484497145	119.486209925
convex-dst-key5+37	R	3	258.525779534	109.982696531	258.525779534	109.982696531	258.525779534	109.982696531
convex-dst-key5+37	R	4	336.983574879	96.677777778	336.983574879	96.677777778	336.983574879	96.677777778
convex-dst-key5+37	R	5	415.441370224	83.372859025	415.441370224	83.372859025	415.441370224	83.372859025
convex-dst-key5+37	R	6	409.328063241	129.591567852	409.328063241	129.591567852	409.328063241	129.591567852
convex-dst-key5+37	R	7	333.539429073	138.796767677	333.539429073	138.796767677	333.539429073	138.796767677
convex-dst-key5+37	R	8	257.750794906	148.001967501	257.750794906	148.001967501	257.750794906	148.001967501
convex-dst-key5+37	R	9	203.616056214	154.577110233	203.616056214	154.577110233	203.616056214	154.577110233
convex-dst-key5+37	R	10	138.654369785	162.467281511	138.654369785	162.467281511	138.654369785	162.467281511
convex-dst-key5+37	R	11	84.519631094	169.042424242	84.519631094	169.042424242	84.519631094	169.042424242
convex-dst-key5+37	R	12	91.177075099	204.853030303	91.177075099	204.853030303	91.177075099	204.853030303
convex-dst-key5+37	R	13	142.928634168	201.9383509	142.928634168	201.9383509	142.928634168	201.9383509
convex-dst-key5+37	R	14	205.030505051	198.440735617	205.030505051	198.440735617	205.030505051	198.440735617
convex-dst-key5+37	R	15	256.782064119	195.526056214	256.782064119	195.526056214	256.782064119	195.526056214
convex-dst-key5+37	R	16	329.234246816	191.445505051	329.234246816	191.445505051	329.234246816	191.445505051
convex-dst-key5+37	R	17	401.686429513	187.364953887	401.686429513	187.364953887	401.686429513	187.364953887
convex-dst-key5+37	R	18	392.516469038	256.693017128	392.516469038	256.693017128	392.516469038	256.693017128
convex-dst-key5+37	R	19	324.068028107	254.623989899	324.068028107	254.623989899	324.068028107	254.623989899
convex-dst-key5+37	R	20	255.619587176	252.55496267	255.619587176	252.55496267	255.619587176	252.55496267
convex-dst-key5+37	R	21	206.727843654	251.077086078	206.727843654	251.077086078	206.727843654	251.077086078
convex-dst-key5+37	R	22	148.057751427	249.303634168	148.057751427	249.303634168	148.057751427	249.303634168
convex-dst-key5+37	R	23	99.166007905	247.825757576	99.166007905	247.825757576	99.166007905	247.825757576
convex-dst-key5+37	R	24	105.82345191	283.636363636	105.82345191	283.636363636	105.82345191	283.636363636
convex-dst-key5+37	R	25	152.33201581	288.774703557	152.33201581	288.774703557	152.33201581	288.774703557
convex-dst-key5+37	R	26	208.14229249	294.940711462	208.14229249	294.940711462	208.14229249	294.940711462
convex-dst-key5+37	R	27	254.65085639	300.079051383	254.65085639	300.079051383	254.65085639	300.079051383
convex-dst-key5+37	R	28	319.76284585	307.272727273	319.76284585	307.272727273	319.76284585	307.272727273
convex-dst-key5+37	R	29	384.87483531	314.466403162	384.87483531	314.466403162	384.87483531	314.466403162
convex-dst-key6+37	R	0	73.148880105	107.878787879	73.148880105	107.878787879	73.148880105	107.878787879
convex-dst-key6+37	R	1	137.233640755	103.290733421	137.233640755	103.290733421	137.233640755	103.290733421
convex-dst-key6+37	R	2	214.135353535	97.785068072	214.135353535	97.785068072	214.135353535	97.785068072
convex-dst-key6+37	R	3	278.220114185	93.197013614	278.220114185	93.197013614	278.220114185	93.197013614
convex-dst-key6+37	R	4	367.938779095	86.773737374	367.938779095	86.773737374	367.938779095	86.773737374
convex-dst-key6+37	R	5	457.657444005	80.350461133	457.657444005	80.350461133	457.657444005	80.350461133
convex-dst-key6+37	R	6	443.100922266	127.173649539	443.100922266	127.173649539	443.100922266	127.173649539
convex-dst-key6+37	R	7	358.303592446	130.873535354	358.303592446	130.873535354	358.303592446	130.873535354
convex-dst-key6+37	R	8	273.506262626	134.573421168	273.506262626	134.573421168	273.506262626	134.573421168
convex-dst-key6+37	R	9	212.936741326	137.21619675	212.936741326	137.21619675	212.936741326	137.21619675
convex-dst-key6+37	R	10	140.253315766	140.387527448	140.253315766	140.387527448	140.253315766	140.387527448
convex-dst-key6+37	R	11	79.683794466	143.03030303	79.683794466	143.03030303	79.683794466	143.03030303
convex-dst-key6+37	R	12	87.852437418	186.96969697	87.852437418	186.96969697	87.852437418	186.96969697
convex-dst-key6+37	R	13	144.02790953	186.758519982	144.02790953	186.758519982	144.02790953	186.758519982
convex-dst-key6+37	R	14	211.438476065	186.505107598	211.438476065	186.505107598	211.438476065	186.505107598
convex-dst-key6+37	R	15	267.613948177	186.29393061	267.613948177	186.29393061	267.613948177	186.29393061
convex-dst-key6+37	R	16	346.259609135	185.998282828	346.259609135	185.998282828	346.259609135	185.998282828
convex-dst-key6+37	R	17	424.905270092	185.702635046	424.905270092	185.702635046	424.905270092	185.702635046
convex-dst-key6+37	R	18	403.070487484	255.937417655	403.070487484	255.937417655	403.070487484	255.937417655
convex-dst-key6+37	R	19	331.806829161	252.147979798	331.806829161	252.147979798	331.806829161	252.147979798
convex-dst-key6+37	R	20	260.543170839	248.358541941	260.543170839	248.358541941	260.543170839	248.358541941
convex-dst-key6+37	R	21	209.640557751	245.651800615	209.640557751	245.651800615	209.640557751	245.651800615
convex-dst-key6+37	R	22	148.557422047	242.403711023	148.557422047	242.403711023	148.557422047	242.403711023
convex-dst-key6+37	R	23	97.654808959	239.696969697	97.654808959	239.696969697	97.654808959	239.696969697
convex-dst-key6+37	R	24	105.82345191	283.636363636	105.82345191	283.636363636	105.82345191	283.636363636
convex-dst-key6+37	R	25	152.33201581	288.774703557	152.33201581	288.774703557	152.33201581	288.774703557
convex-dst-key6+37	R	26	208.14229249	294.940711462	208.14229249	294.940711462	208.14229249	294.940711462
convex-dst-key6+37	R	27	254.65085639	300.079051383	254.65085639	300.079051383	254.65085639	300.079051383
convex-dst-key6+37	R	28	319.76284585	307.272727273	319.76284585	307.272727273	319.76284585	307.272727273
convex-dst-key6+37	R	29	384.87483531	314.466403162	384.87483531	314.466403162	384.87483531	314.466403162
convex-dst-key7+37	R	0	73.148880105	107.878787879	73.148880105	107.878787879	73.148880105	107.878787879
convex-dst-key7+37	R	1	129.255160299	110.919850681	129.255160299	110.919850681	129.255160299	110.919850681
convex-dst-key7+37	R	2	196.582696531	114.569126043	196.582696531	114.569126043	196.582696531	114.569126043
convex-dst-key7+37	R	3	252.688976724	117.610188845	252.688976724	117.610188845	252.688976724	117.610188845
convex-dst-key7+37	R	4	331.237768994	121.867676768	331.237768994	121.867676768	331.237768994	121.867676768
convex-dst-key7+37	R	5	409.786561265	126.12516469	409.786561265	126.12516469	409.786561265	126.12516469
convex-dst-key7+37	R	6	404.804216074	163.793412385	404.804216074	163.793412385	404.804216074	163.793412385
convex-dst-key7+37	R	7	328.942784365	158.948686869	328.942784365	158.948686869	328.942784365	158.948686869
convex-dst-key7+37	R	8	253.081352657	154.103961353	253.081352657	154.103961353	253.081352657	154.103961353
convex-dst-key7+37	R	9	198.894615722	150.643443127	198.894615722	150.643443127	198.894615722	150.643443127
convex-dst-key7+37	R	10	133.870531401	146.490821256	133.870531401	146.490821256	133.870531401	146.490821256
convex-dst-key7+37	R	11	79.683794466	143.03030303	79.683794466	143.03030303	79.683794466	143.03030303
convex-dst-key7+37	R	12	87.852437418	186.96969697	87.852437418	186.96969697	87.852437418	186.96969697
convex-dst-key7+37	R	13	139.639745279	190.954534475	139.639745279	190.954534475	139.639745279	190.954534475
convex-dst-key7+37	R	14	201.784514712	195.736339482	201.784514712	195.736339482	201.784514712	195.736339482
convex-dst-key7+37	R	15	253.571822574	199.721176987	253.571822574	199.721176987	253.571822574	199.721176987
convex-dst-key7+37	R	16	326.074053579	205.299949495	326.074053579	205.299949495	326.074053579	205.299949495
convex-dst-key7+37	R	17	398.576284585	210.878722003	398.576284585	210.878722003	398.576284585	210.878722003
convex-dst-key7+37	R	18	391.102766798	267.381093544	391.102766798	267.381093544	391.102766798	267.381093544
convex-dst-key7+37	R	19	322.631576636	260.921464646	322.631576636	260.921464646	322.631576636	260.921464646
convex-dst-key7+37	R	20	254.160386473	254.461835749	254.160386473	254.461835749	254.160386473	254.461835749
convex-dst-key7+37	R	21	205.2523935	249.847815108	205.2523935	249.847815108	205.2523935	249.847815108
convex-dst-key7+37	R	22	146.562801932	244.310990338	146.562801932	244.310990338	146.562801932	244.310990338
convex-dst-key7+37	R	23	97.654808959	239.696969697	97.654808959	239.696969697	97.654808959	239.696969697
convex-dst-key7+37	R	24	105.82345191	283.636363636	105.82345191	283.636363636	105.82345191	283.636363636
convex-dst-key7+37	R	25	152.33201581	288.774703557	152.33201581	288.774703557	152.33201581	288.774703557
convex-dst-key7+37	R	26	208.14229249	294.940711462	208.14229249	294.940711462	208.14229249	294.940711462
convex-dst-key7+37	R	27	254.65085639	300.079051383	254.65085639	300.079051383	254.65085639	300.079051383
convex-dst-key7+37	R	28	319.76284585	307.272727273	319.76284585	307.272727273	319.76284585	307.272727273
convex-dst-key7+37	R	29	384.87483531	314.466403162	384.87483531	314.466403162	384.87483531	314.466403162
convex-dst-corner0-diagonal	R	0	73.148880105	107.878787879	73.148880105	107.878787879	73.148880105	107.878787879
convex-dst-corner0-diagonal	R	1	130.197628458	103.794466403	130.197628458	103.794466403	130.197628458	103.794466403
convex-dst-corner0-diagonal	R	2	198.656126482	98.893280632	198.656126482	98.893280632	198.656126482	98.893280632
convex-dst-corner0-diagonal	R	3	255.704874835	94.808959157	255.704874835	94.808959157	255.704874835	94.808959157
convex-dst-corner0-diagonal	R	4	335.57312253	89.090909091	335.57312253	89.090909091	335.57312253	89.090909091
convex-dst-corner0-diagonal	R	5	415.441370224	83.372859025	415.441370224	83.372859025	415.441370224	83.372859025
convex-dst-corner0-diagonal	R	6	409.328063241	129.591567852	409.328063241	129.591567852	409.328063241	129.591567852
convex-dst-corner0-diagonal	R	7	334.231915679	134.481010979	334.231915679	134.481010979	334.231915679	134.481010979
convex-dst-corner0-diagonal	R	8	259.135768116	139.370454106	259.135768116	139.370454106	259.135768116	139.370454106
convex-dst-corner0-diagonal	R	9	205.495662714	142.862913483	205.495662714	142.862913483	205.495662714	142.862913483
convex-dst-corner0-diagonal	R	10	141.127536232	147.053864734	141.127536232	147.053864734	141.127536232	147.053864734
convex-dst-corner0-diagonal	R	11	87.48743083	150.546324111	87.48743083	150.546324111	87.48743083	150.546324111
convex-dst-corner0-diagonal	R	12	105.410619236	203.880744401	105.410619236	203.880744401	105.410619236	203.880744401
convex-dst-corner0-diagonal	R	13	154.789920949	201.128112648	154.789920949	201.128112648	154.789920949	201.128112648
convex-dst-corner0-diagonal	R	14	214.045083004	197.824954545	214.045083004	197.824954545	214.045083004	197.824954545
convex-dst-corner0-diagonal	R	15	263.424384717	195.072322793	263.424384717	195.072322793	263.424384717	195.072322793
convex-dst-corner0-diagonal	R	16	332.555407115	191.21863834	332.555407115	191.21863834	332.555407115	191.21863834
convex-dst-corner0-diagonal	R	17	401.686429513	187.364953887	401.686429513	187.364953887	401.686429513	187.364953887
convex-dst-corner0-diagonal	R	18	392.516469038	256.693017128	392.516469038	256.693017128	392.516469038	256.693017128
convex-dst-corner0-diagonal	R	19	330.543596838	259.303791173	330.543596838	259.303791173	330.543596838	259.303791173
convex-dst-corner0-diagonal	R	20	268.570724638	261.914565217	268.570724638	261.914565217	268.570724638	261.914565217
convex-dst-corner0-diagonal	R	21	224.304387352	263.779403821	224.304387352	263.779403821	224.304387352	263.779403821
convex-dst-corner0-diagonal	R	22	171.184782609	266.017210145	171.184782609	266.017210145	171.184782609	266.017210145
convex-dst-corner0-diagonal	R	23	126.918445323	267.882048748	126.918445323	267.882048748	126.918445323	267.882048748
convex-dst-corner0-diagonal	R	24	144.841633729	321.216469038	144.841633729	321.216469038	144.841633729	321.216469038
convex-dst-corner0-diagonal	R	25	184.847167325	320.091458059	184.847167325	320.091458059	184.847167325	320.091458059
convex-dst-corner0-diagonal	R	26	232.853807642	318.741444884	232.853807642	318.741444884	232.853807642	318.741444884
convex-dst-corner0-diagonal	R	27	272.859341238	317.616433904	272.859341238	317.616433904	272.859341238	317.616433904
convex-dst-corner0-diagonal	R	28	328.867088274	316.041418533	328.867088274	316.041418533	328.867088274	316.041418533
convex-dst-corner0-diagonal	R	29	384.87483531	314.466403162	384.87483531	314.466403162	384.87483531	314.466403162
convex-dst-corner0-at-corner3	R	0	73.148880105	107.878787879	73.148880105	107.878787879	73.148880105	107.878787879
convex-dst-corner0-at-corner3	R	1	130.197628458	103.794466403	130.197628458	103.794466403	130.197628458	103.794466403
convex-dst-corner0-at-corner3	R	2	198.656126482	98.893280632	198.656126482	98.893280632	198.656126482	98.893280632
convex-dst-corner0-at-corner3	R	3	255.704874835	94.808959157	255.704874835	94.808959157	255.704874835	94.808959157
convex-dst-corner0-at-corner3	R	4	335.57312253	89.090909091	335.57312253	89.090909091	335.57312253	89.090909091
convex-dst-corner0-at-corner3	R	5	415.441370224	83.372859025	415.441370224	83.372859025	415.441370224	83.372859025
convex-dst-corner0-at-corner3	R	6	409.328063241	129.591567852	409.328063241	129.591567852	409.328063241	129.591567852
convex-dst-corner0-at-corner3	R	7	346.859903382	123.381642512	346.859903382	123.381642512	346.859903382	123.381642512
convex-dst-corner0-at-corner3	R	8	284.391743522	117.171717172	284.391743522	117.171717172	284.391743522	117.171717172
convex-dst-corner0-at-corner3	R	9	239.771629337	112.736056214	239.771629337	112.736056214	239.771629337	112.736056214
convex-dst-corner0-at-corner3	R	10	186.227492314	107.413263065	186.227492314	107.413263065	186.227492314	107.413263065
convex-dst-corner0-at-corner3	R	11	141.607378129	102.977602108	141.607378129	102.977602108	141.607378129	102.977602108
convex-dst-corner0-at-corner3	R	12	227.180500659	96.851119895	227.180500659	96.851119895	227.180500659	96.851119895
convex-dst-corner0-at-corner3	R	13	256.264822134	111.936758893	256.264822134	111.936758893	256.264822134	111.936758893
convex-dst-corner0-at-corner3	R	14	291.166007905	130.039525692	291.166007905	130.039525692	291.166007905	130.039525692
convex-dst-corner0-at-corner3	R	15	320.250329381	145.12516469	320.250329381	145.12516469	320.250329381	145.12516469
convex-dst-corner0-at-corner3	R	16	360.968379447	166.245059289	360.968379447	166.245059289	360.968379447	166.245059289
convex-dst-corner0-at-corner3	R	17	401.686429513	187.364953887	401.686429513	187.364953887	401.686429513	187.364953887
convex-dst-corner0-at-corner3	R	18	392.516469038	256.693017128	392.516469038	256.693017128	392.516469038	256.693017128
convex-dst-corner0-at-corner3	R	19	377.898550725	217.68115942	377.898550725	217.68115942	377.898550725	217.68115942
convex-dst-corner0-at-corner3	R	20	363.280632411	178.669301713	363.280632411	178.669301713	363.280632411	178.669301713
convex-dst-corner0-at-corner3	R	21	352.839262187	150.803689065	352.839262187	150.803689065	352.839262187	150.803689065
convex-dst-corner0-at-corner3	R	22	340.309617918	117.364953887	340.309617918	117.364953887	340.309617918	117.364953887
convex-dst-corner0-at-corner3	R	23	329.868247694	89.499341238	329.868247694	89.499341238	329.868247694	89.499341238
convex-dst-corner0-at-corner3	R	24	415.441370224	83.372859025	415.441370224	83.372859025	415.441370224	83.372859025
convex-dst-corner0-at-corner3	R	25	410.346947738	121.888449715	410.346947738	121.888449715	410.346947738	121.888449715
convex-dst-corner0-at-corner3	R	26	404.233640755	168.107158542	404.233640755	168.107158542	404.233640755	168.107158542
convex-dst-corner0-at-corner3	R	27	399.13921827	206.622749231	399.13921827	206.622749231	399.13921827	206.622749231
convex-dst-corner0-at-corner3	R	28	392.00702679	260.544576197	392.00702679	260.544576197	392.00702679	260.544576197
convex-dst-corner0-at-corner3	R	29	384.87483531	314.466403162	384.87483531	314.466403162	384.87483531	314.466403162
convex-dst-corner1-diagonal	R	0	73.148880105	107.878787879	73.148880105	107.878787879	73.148880105	107.878787879
convex-dst-corner1-diagonal	R	1	130.197628458	103.794466403	130.197628458	103.794466403	130.197628458	103.794466403
convex-dst-corner1-diagonal	R	2	198.656126482	98.893280632	198.656126482	98.893280632	198.656126482	98.893280632
convex-dst-corner1-diagonal	R	3	255.704874835	94.808959157	255.704874835	94.808959157	255.704874835	94.808959157
convex-dst-corner1-diagonal	R	4	335.57312253	89.090909091	335.57312253	89.090909091	335.57312253	89.090909091
convex-dst-corner1-diagonal	R	5	415.441370224	83.372859025	415.441370224	83.372859025	415.441370224	83.372859025
convex-dst-corner1-diagonal	R	6	414.791778656	139.155019763	414.791778656	139.155019763	414.791778656	139.155019763
convex-dst-corner1-diagonal	R	7	336.599915679	140.059252525	336.599915679	140.059252525	336.599915679	140.059252525
convex-dst-corner1-diagonal	R	8	258.408052701	140.963485288	258.408052701	140.963485288	258.408052701	140.963485288
convex-dst-corner1-diagonal	R	9	202.556722003	141.609365832	202.556722003	141.609365832	202.556722003	141.609365832
convex-dst-corner1-diagonal	R	10	135.535125165	142.384422486	135.535125165	142.384422486	135.535125165	142.384422486
convex-dst-corner1-diagonal	R	11	79.683794466	143.03030303	79.683794466	143.03030303	79.683794466	143.03030303
convex-dst-corner1-diagonal	R	12	87.852437418	186.96969697	87.852437418	186.96969697	87.852437418	186.96969697
convex-dst-corner1-diagonal	R	13	142.206996047	190.621867589	142.206996047	190.621867589	142.206996047	190.621867589
convex-dst-corner1-diagonal	R	14	207.432466403	195.004472332	207.432466403	195.004472332	207.432466403	195.004472332
convex-dst-corner1-diagonal	R	15	261.787025033	198.656642951	261.787025033	198.656642951	261.787025033	198.656642951
convex-dst-corner1-diagonal	R	16	337.883407115	203.769681818	337.883407115	203.769681818	337.883407115	203.769681818
convex-dst-corner1-diagonal	R	17	413.979789196	208.882720685	413.979789196	208.882720685	413.979789196	208.882720685
convex-dst-corner1-diagonal	R	18	413.005401845	292.555961792	413.005401845	292.555961792	413.005401845	292.555961792
convex-dst-corner1-diagonal	R	19	339.423596838	280.22219697	339.423596838	280.22219697	339.423596838	280.22219697
convex-dst-corner1-diagonal	R	20	265.841791831	267.888432148	265.841791831	267.888432148	265.841791831	267.888432148
convex-dst-corner1-diagonal	R	21	213.283359684	259.078600132	213.283359684	259.078600132	213.283359684	259.078600132
convex-dst-corner1-diagonal	R	22	150.213241107	248.506801713	150.213241107	248.506801713	150.213241107	248.506801713
convex-dst-corner1-diagonal	R	23	97.654808959	239.696969697	97.654808959	239.696969697	97.654808959	239.696969697
convex-dst-corner1-diagonal	R	24	105.82345191	283.636363636	105.82345191	283.636363636	105.82345191	283.636363636
convex-dst-corner1-diagonal	R	25	156.885111989	296.744246816	156.885111989	296.744246816	156.885111989	296.744246816
convex-dst-corner1-diagonal	R	26	218.159104084	312.473706632	218.159104084	312.473706632	218.159104084	312.473706632
convex-dst-corner1-diagonal	R	27	269.220764163	325.581589811	269.220764163	325.581589811	269.220764163	325.581589811
convex-dst-corner1-diagonal	R	28	340.707088274	343.932626263	340.707088274	343.932626263	340.707088274	343.932626263
convex-dst-corner1-diagonal	R	29	412.193412385	362.283662714	412.193412385	362.283662714	412.193412385	362.283662714
convex-dst-corner1-at-corner2	R	0	73.148880105	107.878787879	73.148880105	107.878787879	73.148880105	107.878787879
convex-dst-corner1-at-corner2	R	1	130.197628458	103.794466403	130.197628458	103.794466403	130.197628458	103.794466403
convex-dst-corner1-at-corner2	R	2	198.656126482	98.893280632	198.656126482	98.893280632	198.656126482	98.893280632
convex-dst-corner1-at-corner2	R	3	255.704874835	94.808959157	255.704874835	94.808959157	255.704874835	94.808959157
convex-dst-corner1-at-corner2	R	4	335.57312253	89.090909091	335.57312253	89.090909091	335.57312253	89.090909091
convex-dst-corner1-at-corner2	R	5	415.441370224	83.372859025	415.441370224	83.372859025	415.441370224	83.372859025
convex-dst-corner1-at-corner2	R	6	346.9828722	88.274044796	346.9828722	88.274044796	346.9828722	88.274044796
convex-dst-corner1-at-corner2	R	7	284.613087396	101.050505051	284.613087396	101.050505051	284.613087396	101.050505051
convex-dst-corner1-at-corner2	R	8	222.243302591	113.826965305	222.243302591	113.826965305	222.243302591	113.826965305
convex-dst-corner1-at-corner2	R	9	177.693456302	122.953008344	177.693456302	122.953008344	177.693456302	122.953008344
convex-dst-corner1-at-corner2	R	10	124.233640755	133.904259991	124.233640755	133.904259991	124.233640755	133.904259991
convex-dst-corner1-at-corner2	R	11	79.683794466	143.03030303	79.683794466	143.03030303	79.683794466	143.03030303
convex-dst-corner1-at-corner2	R	12	87.852437418	186.96969697	87.852437418	186.96969697	87.852437418	186.96969697
convex-dst-corner1-at-corner2	R	13	116.778656126	171.541501976	116.778656126	171.541501976	116.778656126	171.541501976
convex-dst-corner1-at-corner2	R	14	151.490118577	153.027667984	151.490118577	153.027667984	151.490118577	153.027667984
convex-dst-corner1-at-corner2	R	15	180.416337286	137.599472991	180.416337286	137.599472991	180.416337286	137.599472991
convex-dst-corner1-at-corner2	R	16	220.913043478	116	220.913043478	116	220.913043478	116
convex-dst-corner1-at-corner2	R	17	261.409749671	94.400527009	261.409749671	94.400527009	261.409749671	94.400527009
convex-dst-corner1-at-corner2	R	18	158.722002635	101.752305665	158.722002635	101.752305665	158.722002635	101.752305665
convex-dst-corner1-at-corner2	R	19	144.472990777	133.939393939	144.472990777	133.939393939	144.472990777	133.939393939
convex-dst-corner1-at-corner2	R	20	130.22397892	166.126482213	130.22397892	166.126482213	130.22397892	166.126482213
convex-dst-corner1-at-corner2	R	21	120.046113307	189.117259552	120.046113307	189.117259552	120.046113307	189.117259552
convex-dst-corner1-at-corner2	R	22	107.832674572	216.706192358	107.832674572	216.706192358	107.832674572	216.706192358
convex-dst-corner1-at-corner2	R	23	97.654808959	239.696969697	97.654808959	239.696969697	97.654808959	239.696969697
convex-dst-corner1-at-corner2	R	24	105.82345191	283.636363636	105.82345191	283.636363636	105.82345191	283.636363636
convex-dst-corner1-at-corner2	R	25	100.377689943	254.343434343	100.377689943	254.343434343	100.377689943	254.343434343
convex-dst-corner1-at-corner2	R	26	93.842775582	219.191919192	93.842775582	219.191919192	93.842775582	219.191919192
convex-dst-corner1-at-corner2	R	27	88.397013614	189.898989899	88.397013614	189.898989899	88.397013614	189.898989899
convex-dst-corner1-at-corner2	R	28	80.77294686	148.888888889	80.77294686	148.888888889	80.77294686	148.888888889
convex-dst-corner1-at-corner2	R	29	73.148880105	107.878787879	73.148880105	107.878787879	73.148880105	107.878787879
convex-dst-corner2-diagonal	R	0	119.966798419	138.634123847	119.966798419	138.634123847	119.966798419	138.634123847
convex-dst-corner2-diagonal	R	1	169.212560386	129.423913043	169.212560386	129.423913043	169.212560386	129.423913043
convex-dst-corner2-diagonal	R	2	228.307474747	118.371660079	228.307474747	118.371660079	228.307474747	118.371660079
convex-dst-corner2-diagonal	R	3	277.553236715	109.161449275	277.553236715	109.161449275	277.553236715	109.161449275
convex-dst-corner2-diagonal	R	4	346.497303469	96.26715415	346.497303469	96.26715415	346.497303469	96.26715415
convex-dst-corner2-diagonal	R	5	415.441370224	83.372859025	415.441370224	83.372859025	415.441370224	83.372859025
convex-dst-corner2-diagonal	R	6	409.328063241	129.591567852	409.328063241	129.591567852	409.328063241	129.591567852
convex-dst-corner2-diagonal	R	7	341.150411946	138.468268775	341.150411946	138.468268775	341.150411946	138.468268775
convex-dst-corner2-diagonal	R	8	272.97276065	147.344969697	272.97276065	147.344969697	272.97276065	147.344969697
convex-dst-corner2-diagonal	R	9	224.274438296	153.685470356	224.274438296	153.685470356	224.274438296	153.685470356
convex-dst-corner2-diagonal	R	10	165.836451471	161.294071146	165.836451471	161.294071146	165.836451471	161.294071146
convex-dst-corner2-diagonal	R	11	117.138129117	167.634571805	117.138129117	167.634571805	117.138129117	167.634571805
convex-dst-corner2-diagonal	R	12	113.60229249	203.885131752	113.60229249	203.885131752	113.60229249	203.885131752
convex-dst-corner2-diagonal	R	13	161.616315327	201.131768775	161.616315327	201.131768775	161.616315327	201.131768775
convex-dst-corner2-diagonal	R	14	219.233142732	197.827733202	219.233142732	197.827733202	219.233142732	197.827733202
convex-dst-corner2-diagonal	R	15	267.247165569	195.074370224	267.247165569	195.074370224	267.247165569	195.074370224
convex-dst-corner2-diagonal	R	16	334.466797541	191.219662055	334.466797541	191.219662055	334.466797541	191.219662055
convex-dst-corner2-diagonal	R	17	401.686429513	187.364953887	401.686429513	187.364953887	401.686429513	187.364953887
convex-dst-corner2-diagonal	R	18	392.516469038	256.693017128	392.516469038	256.693017128	392.516469038	256.693017128
convex-dst-corner2-diagonal	R	19	326.446460255	254.521333992	326.446460255	254.521333992	326.446460255	254.521333992
convex-dst-corner2-diagonal	R	20	260.376451471	252.349650856	260.376451471	252.349650856	260.376451471	252.349650856
convex-dst-corner2-diagonal	R	21	213.183588054	250.798448617	213.183588054	250.798448617	213.183588054	250.798448617
convex-dst-corner2-diagonal	R	22	156.552151954	248.937005929	156.552151954	248.937005929	156.552151954	248.937005929
convex-dst-corner2-diagonal	R	23	109.359288538	247.385803689	109.359288538	247.385803689	109.359288538	247.385803689
convex-dst-corner2-diagonal	R	24	105.82345191	283.636363636	105.82345191	283.636363636	105.82345191	283.636363636
convex-dst-corner2-diagonal	R	25	152.33201581	288.774703557	152.33201581	288.774703557	152.33201581	288.774703557
convex-dst-corner2-diagonal	R	26	208.14229249	294.940711462	208.14229249	294.940711462	208.14229249	294.940711462
convex-dst-corner2-diagonal	R	27	254.65085639	300.079051383	254.65085639	300.079051383	254.65085639	300.079051383
convex-dst-corner2-diagonal	R	28	319.76284585	307.272727273	319.76284585	307.272727273	319.76284585	307.272727273
convex-dst-corner2-diagonal	R	29	384.87483531	314.466403162	384.87483531	314.466403162	384.87483531	314.466403162
convex-dst-corner2-at-corner1	R	0	384.87483531	314.466403162	384.87483531	314.466403162	384.87483531	314.466403162
convex-dst-corner2-at-corner1	R	1	389.969257795	275.950812473	389.969257795	275.950812473	389.969257795	275.950812473
convex-dst-corner2-at-corner1	R	2	396.082564778	229.732103645	396.082564778	229.732103645	396.082564778	229.732103645
convex-dst-corner2-at-corner1	R	3	401.176987264	191.216512956	401.176987264	191.216512956	401.176987264	191.216512956
convex-dst-corner2-at-corner1	R	4	408.309178744	137.29468599	408.309178744	137.29468599	408.309178744	137.29468599
convex-dst-corner2-at-corner1	R	5	415.441370224	83.372859025	415.441370224	83.372859025	415.441370224	83.372859025
convex-dst-corner2-at-corner1	R	6	409.328063241	129.591567852	409.328063241	129.591567852	409.328063241	129.591567852
convex-dst-corner2-at-corner1	R	7	390.599912165	171.290294247	390.599912165	171.290294247	390.599912165	171.290294247
convex-dst-corner2-at-corner1	R	8	371.871761089	212.989020641	371.871761089	212.989020641	371.871761089	212.989020641
convex-dst-corner2-at-corner1	R	9	358.494510321	242.773825209	358.494510321	242.773825209	358.494510321	242.773825209
convex-dst-corner2-at-corner1	R	10	342.441809398	278.51559069	342.441809398	278.51559069	342.441809398	278.51559069
convex-dst-corner2-at-corner1	R	11	329.06455863	308.300395257	329.06455863	308.300395257	329.06455863	308.300395257
convex-dst-corner2-at-corner1	R	12	259.30171278	300.592885375	259.30171278	300.592885375	259.30171278	300.592885375
convex-dst-corner2-at-corner1	R	13	283.032498902	281.721563461	283.032498902	281.721563461	283.032498902	281.721563461
convex-dst-corner2-at-corner1	R	14	311.509442249	259.075977163	311.509442249	259.075977163	311.509442249	259.075977163
convex-dst-corner2-at-corner1	R	15	335.240228371	240.204655248	335.240228371	240.204655248	335.240228371	240.204655248
convex-dst-corner2-at-corner1	R	16	368.463328942	213.784804567	368.463328942	213.784804567	368.463328942	213.784804567
convex-dst-corner2-at-corner1	R	17	401.686429513	187.364953887	401.686429513	187.364953887	401.686429513	187.364953887
convex-dst-corner2-at-corner1	R	18	392.516469038	256.693017128	392.516469038	256.693017128	392.516469038	256.693017128
convex-dst-corner2-at-corner1	R	19	341.899429073	264.778216952	341.899429073	264.778216952	341.899429073	264.778216952
convex-dst-corner2-at-corner1	R	20	291.282389108	272.863416776	291.282389108	272.863416776	291.282389108	272.863416776
convex-dst-corner2-at-corner1	R	21	255.127360562	278.638559508	255.127360562	278.638559508	255.127360562	278.638559508
convex-dst-corner2-at-corner1	R	22	211.741326307	285.568730786	211.741326307	285.568730786	211.741326307	285.568730786
convex-dst-corner2-at-corner1	R	23	175.58629776	291.343873518	175.58629776	291.343873518	175.58629776	291.343873518
convex-dst-corner2-at-corner1	R	24	105.82345191	283.636363636	105.82345191	283.636363636	105.82345191	283.636363636
convex-dst-corner2-at-corner1	R	25	152.33201581	288.774703557	152.33201581	288.774703557	152.33201581	288.774703557
convex-dst-corner2-at-corner1	R	26	208.14229249	294.940711462	208.14229249	294.940711462	208.14229249	294.940711462
convex-dst-corner2-at-corner1	R	27	254.65085639	300.079051383	254.65085639	300.079051383	254.65085639	300.079051383
convex-dst-corner2-at-corner1	R	28	319.76284585	307.272727273	319.76284585	307.272727273	319.76284585	307.272727273
convex-dst-corner2-at-corner1	R	29	384.87483531	314.466403162	384.87483531	314.466403162	384.87483531	314.466403162
convex-dst-corner3-diagonal	R	0	73.148880105	107.878787879	73.148880105	107.878787879	73.148880105	107.878787879
convex-dst-corner3-diagonal	R	1	136.05068072	110.62654809	136.05068072	110.62654809	136.05068072	110.62654809
convex-dst-corner3-diagonal	R	2	211.532841458	113.923860343	211.532841458	113.923860343	211.532841458	113.923860343
convex-dst-corner3-diagonal	R	3	274.434642073	116.671620553	274.434642073	116.671620553	274.434642073	116.671620553
convex-dst-corner3-diagonal	R	4	362.497162934	120.518484848	362.497162934	120.518484848	362.497162934	120.518484848
convex-dst-corner3-diagonal	R	5	450.559683794	124.365349144	450.559683794	124.365349144	450.559683794	124.365349144
convex-dst-corner3-diagonal	R	6	437.422714097	162.385559947	437.422714097	162.385559947	437.422714097	162.385559947
convex-dst-corner3-diagonal	R	7	353.950299517	157.869333333	353.950299517	157.869333333	353.950299517	157.869333333
convex-dst-corner3-diagonal	R	8	270.477884936	153.353106719	270.477884936	153.353106719	270.477884936	153.353106719
convex-dst-corner3-diagonal	R	9	210.854731664	150.127230567	210.854731664	150.127230567	210.854731664	150.127230567
convex-dst-corner3-diagonal	R	10	139.306947738	146.256179183	139.306947738	146.256179183	139.306947738	146.256179183
convex-dst-corner3-diagonal	R	11	79.683794466	143.03030303	79.683794466	143.03030303	79.683794466	143.03030303
convex-dst-corner3-diagonal	R	12	87.852437418	186.96969697	87.852437418	186.96969697	87.852437418	186.96969697
convex-dst-corner3-diagonal	R	13	143.377281511	190.79321805	143.377281511	190.79321805	143.377281511	190.79321805
convex-dst-corner3-diagonal	R	14	210.007094422	195.381443347	210.007094422	195.381443347	210.007094422	195.381443347
convex-dst-corner3-diagonal	R	15	265.531938516	199.204964427	265.531938516	199.204964427	265.531938516	199.204964427
convex-dst-corner3-diagonal	R	16	343.266720246	204.557893939	343.266720246	204.557893939	343.266720246	204.557893939
convex-dst-corner3-diagonal	R	17	421.001501976	209.910823452	421.001501976	209.910823452	421.001501976	209.910823452
convex-dst-corner3-diagonal	R	18	401.296047431	266.941139657	401.296047431	266.941139657	401.296047431	266.941139657
convex-dst-corner3-diagonal	R	19	330.446425121	260.584166667	330.446425121	260.584166667	330.446425121	260.584166667
convex-dst-corner3-diagonal	R	20	259.596802811	254.227193676	259.596802811	254.227193676	259.596802811	254.227193676
convex-dst-corner3-diagonal	R	21	208.989929732	249.686498682	208.989929732	249.686498682	208.989929732	249.686498682
convex-dst-corner3-diagonal	R	22	148.261682038	244.23766469	148.261682038	244.23766469	148.261682038	244.23766469
convex-dst-corner3-diagonal	R	23	97.654808959	239.696969697	97.654808959	239.696969697	97.654808959	239.696969697
convex-dst-corner3-diagonal	R	24	105.82345191	283.636363636	105.82345191	283.636363636	105.82345191	283.636363636
convex-dst-corner3-diagonal	R	25	152.33201581	288.774703557	152.33201581	288.774703557	152.33201581	288.774703557
convex-dst-corner3-diagonal	R	26	208.14229249	294.940711462	208.14229249	294.940711462	208.14229249	294.940711462
convex-dst-corner3-diagonal	R	27	254.65085639	300.079051383	254.65085639	300.079051383	254.65085639	300.079051383
convex-dst-corner3-diagonal	R	28	319.76284585	307.272727273	319.76284585	307.272727273	319.76284585	307.272727273
convex-dst-corner3-diagonal	R	29	384.87483531	314.466403162	384.87483531	314.466403162	384.87483531	314.466403162
convex-dst-corner3-at-corner0	R	0	73.148880105	107.878787879	73.148880105	107.878787879	73.148880105	107.878787879
convex-dst-corner3-at-corner0	R	1	78.594642073	137.171717172	78.594642073	137.171717172	78.594642073	137.171717172
convex-dst-corner3-at-corner0	R	2	85.129556434	172.323232323	85.129556434	172.323232323	85.129556434	172.323232323
convex-dst-corner3-at-corner0	R	3	90.575318401	201.616161616	90.575318401	201.616161616	90.575318401	201.616161616
convex-dst-corner3-at-corner0	R	4	98.199385156	242.626262626	98.199385156	242.626262626	98.199385156	242.626262626
convex-dst-corner3-at-corner0	R	5	105.82345191	283.636363636	105.82345191	283.636363636	105.82345191	283.636363636
convex-dst-corner3-at-corner0	R	6	161.63372859	289.802371542	161.63372859	289.802371542	161.63372859	289.802371542
convex-dst-corner3-at-corner0	R	7	142.512077295	255.555555556	142.512077295	255.555555556	142.512077295	255.555555556
convex-dst-corner3-at-corner0	R	8	123.390425999	221.30873957	123.390425999	221.30873957	123.390425999	221.30873957
convex-dst-corner3-at-corner0	R	9	109.732103645	196.846728151	109.732103645	196.846728151	109.732103645	196.846728151
convex-dst-corner3-at-corner0	R	10	93.34211682	167.492314449	93.34211682	167.492314449	93.34211682	167.492314449
convex-dst-corner3-at-corner0	R	11	79.683794466	143.03030303	79.683794466	143.03030303	79.683794466	143.03030303
convex-dst-corner3-at-corner0	R	12	87.852437418	186.96969697	87.852437418	186.96969697	87.852437418	186.96969697
convex-dst-corner3-at-corner0	R	13	111.776460255	205.393061045	111.776460255	205.393061045	111.776460255	205.393061045
convex-dst-corner3-at-corner0	R	14	140.485287659	227.501097936	140.485287659	227.501097936	140.485287659	227.501097936
convex-dst-corner3-at-corner0	R	15	164.409310496	245.924462011	164.409310496	245.924462011	164.409310496	245.924462011
convex-dst-corner3-at-corner0	R	16	197.902942468	271.717171717	197.902942468	271.717171717	197.902942468	271.717171717
convex-dst-corner3-at-corner0	R	17	231.39657444	297.509881423	231.39657444	297.509881423	231.39657444	297.509881423
convex-dst-corner3-at-corner0	R	18	315.11198946	306.758893281	315.11198946	306.758893281	315.11198946	306.758893281
convex-dst-corner3-at-corner0	R	19	264.371980676	291.111111111	264.371980676	291.111111111	264.371980676	291.111111111
convex-dst-corner3-at-corner0	R	20	213.631971893	275.463328942	213.631971893	275.463328942	213.631971893	275.463328942
convex-dst-corner3-at-corner0	R	21	177.389108476	264.286341678	177.389108476	264.286341678	177.389108476	264.286341678
convex-dst-corner3-at-corner0	R	22	133.897672376	250.873956961	133.897672376	250.873956961	133.897672376	250.873956961
convex-dst-corner3-at-corner0	R	23	97.654808959	239.696969697	97.654808959	239.696969697	97.654808959	239.696969697
convex-dst-corner3-at-corner0	R	24	105.82345191	283.636363636	105.82345191	283.636363636	105.82345191	283.636363636
convex-dst-corner3-at-corner0	R	25	152.33201581	288.774703557	152.33201581	288.774703557	152.33201581	288.774703557
convex-dst-corner3-at-corner0	R	26	208.14229249	294.940711462	208.14229249	294.940711462	208.14229249	294.940711462
convex-dst-corner3-at-corner0	R	27	254.65085639	300.079051383	254.65085639	300.079051383	254.65085639	300.079051383
convex-dst-corner3-at-corner0	R	28	319.76284585	307.272727273	319.76284585	307.272727273	319.76284585	307.272727273
convex-dst-corner3-at-corner0	R	29	384.87483531	314.466403162	384.87483531	314.466403162	384.87483531	314.466403162
trapezoid-identity	R	0	100	100	100	100	100	100
trapezoid-identity	R	1	150	100	150	100	150	100
trapezoid-identity	R	2	210	100	210	100	210	100
trapezoid-identity	R	3	260	100	260	100	260	100
trapezoid-identity	R	4	330	100	330	100	330	100
trapezoid-identity	R	5	400	100	400	100	400	100
trapezoid-identity	R	6	420	140	420	140	420	140
trapezoid-identity	R	7	340.666666667	140	340.666666667	140	340.666666667	140
trapezoid-identity	R	8	261.333333333	140	261.333333333	140	261.333333333	140
trapezoid-identity	R	9	204.666666667	140	204.666666667	140	204.666666667	140
trapezoid-identity	R	10	136.666666667	140	136.666666667	140	136.666666667	140
trapezoid-identity	R	11	80	140	80	140	80	140
trapezoid-identity	R	12	55	190	55	190	55	190
trapezoid-identity	R	13	120	190	120	190	120	190
trapezoid-identity	R	14	198	190	198	190	198	190
trapezoid-identity	R	15	263	190	263	190	263	190
trapezoid-identity	R	16	354	190	354	190	354	190
trapezoid-identity	R	17	445	190	445	190	445	190
trapezoid-identity	R	18	475	250	475	250	475	250
trapezoid-identity	R	19	370	250	370	250	370	250
trapezoid-identity	R	20	265	250	265	250	265	250
trapezoid-identity	R	21	190	250	190	250	190	250
trapezoid-identity	R	22	100	250	100	250	100	250
trapezoid-identity	R	23	25	250	25	250	25	250
trapezoid-identity	R	24	0	300	0	300	0	300
trapezoid-identity	R	25	83.333333333	300	83.333333333	300	83.333333333	300
trapezoid-identity	R	26	183.333333333	300	183.333333333	300	183.333333333	300
trapezoid-identity	R	27	266.666666667	300	266.666666667	300	266.666666667	300
trapezoid-identity	R	28	383.333333333	300	383.333333333	300	383.333333333	300
trapezoid-identity	R	29	500	300	500	300	500	300
trapezoid-general	R	0	82	80	82	80	82	80
trapezoid-general	R	1	132	88.333333333	132	88.333333333	132	88.333333333
trapezoid-general	R	2	192	98.333333333	192	98.333333333	192	98.333333333
trapezoid-general	R	3	242	106.666666667	242	106.666666667	242	106.666666667
trapezoid-general	R	4	312	118.333333333	312	118.333333333	312	118.333333333
trapezoid-general	R	5	382	130	382	130	382	130
trapezoid-general	R	6	420.933333333	162	420.933333333	162	420.933333333	162
trapezoid-general	R	7	339.422222222	155.466666667	339.422222222	155.466666667	339.422222222	155.466666667
trapezoid-general	R	8	257.911111111	148.933333333	257.911111111	148.933333333	257.911111111	148.933333333
trapezoid-general	R	9	199.688888889	144.266666667	199.688888889	144.266666667	199.688888889	144.266666667
trapezoid-general	R	10	129.822222222	138.666666667	129.822222222	138.666666667	129.822222222	138.666666667
trapezoid-general	R	11	71.6	134	71.6	134	71.6	134
trapezoid-general	R	12	58.6	201.5	58.6	201.5	58.6	201.5
trapezoid-general	R	13	127.1	201.583333333	127.1	201.583333333	127.1	201.583333333
trapezoid-general	R	14	209.3	201.683333333	209.3	201.683333333	209.3	201.683333333
trapezoid-general	R	15	277.8	201.766666667	277.8	201.766666667	277.8	201.766666667
trapezoid-general	R	16	373.7	201.883333333	373.7	201.883333333	373.7	201.883333333
trapezoid-general	R	17	469.6	202	469.6	202	469.6	202
trapezoid-general	R	18	528	250	528	250	528	250
trapezoid-general	R	19	414.833333333	257.583333333	414.833333333	257.583333333	414.833333333	257.583333333
trapezoid-general	R	20	301.666666667	265.166666667	301.666666667	265.166666667	301.666666667	265.166666667
trapezoid-general	R	21	220.833333333	270.583333333	220.833333333	270.583333333	220.833333333	270.583333333
trapezoid-general	R	22	123.833333333	277.083333333	123.833333333	277.083333333	123.833333333	277.083333333
trapezoid-general	R	23	43	282.5	43	282.5	43	282.5
trapezoid-general	R	24	30	350	30	350	30	350
trapezoid-general	R	25	121.111111111	340	121.111111111	340	121.111111111	340
trapezoid-general	R	26	230.444444444	328	230.444444444	328	230.444444444	328
trapezoid-general	R	27	321.555555556	318	321.555555556	318	321.555555556	318
trapezoid-general	R	28	449.111111111	304	449.111111111	304	449.111111111	304
trapezoid-general	R	29	576.666666667	290	576.666666667	290	576.666666667	290
trapezoid-dst-key0+37	R	0	100	100	100	100	100	100
trapezoid-dst-key0+37	R	1	150	100	150	100	150	100
trapezoid-dst-key0+37	R	2	210	100	210	100	210	100
trapezoid-dst-key0+37	R	3	260	100	260	100	260	100
trapezoid-dst-key0+37	R	4	330	100	330	100	330	100
trapezoid-dst-key0+37	R	5	400	100	400	100	400	100
trapezoid-dst-key0+37	R	6	420	140	420	140	420	140
trapezoid-dst-key0+37	R	7	343.544444444	140	343.544444444	140	343.544444444	140
trapezoid-dst-key0+37	R	8	267.088888889	140	267.088888889	140	267.088888889	140
trapezoid-dst-key0+37	R	9	212.477777778	140	212.477777778	140	212.477777778	140
trapezoid-dst-key0+37	R	10	146.944444444	140	146.944444444	140	146.944444444	140
trapezoid-dst-key0+37	R	11	92.333333333	140	92.333333333	140	92.333333333	140
trapezoid-dst-key0+37	R	12	82.75	190	82.75	190	82.75	190
trapezoid-dst-key0+37	R	13	143.125	190	143.125	190	143.125	190
trapezoid-dst-key0+37	R	14	215.575	190	215.575	190	215.575	190
trapezoid-dst-key0+37	R	15	275.95	190	275.95	190	275.95	190
trapezoid-dst-key0+37	R	16	360.475	190	360.475	190	360.475	190
trapezoid-dst-key0+37	R	17	445	190	445	190	445	190
trapezoid-dst-key0+37	R	18	475	250	475	250	475	250
trapezoid-dst-key0+37	R	19	380.791666667	250	380.791666667	250	380.791666667	250
trapezoid-dst-key0+37	R	20	286.583333333	250	286.583333333	250	286.583333333	250
trapezoid-dst-key0+37	R	21	219.291666667	250	219.291666667	250	219.291666667	250
trapezoid-dst-key0+37	R	22	138.541666667	250	138.541666667	250	138.541666667	250
trapezoid-dst-key0+37	R	23	71.25	250	71.25	250	71.25	250
trapezoid-dst-key0+37	R	24	61.666666667	300	61.666666667	300	61.666666667	300
trapezoid-dst-key0+37	R	25	134.722222222	300	134.722222222	300	134.722222222	300
trapezoid-dst-key0+37	R	26	222.388888889	300	222.388888889	300	222.388888889	300
trapezoid-dst-key0+37	R	27	295.444444444	300	295.444444444	300	295.444444444	300
trapezoid-dst-key0+37	R	28	397.722222222	300	397.722222222	300	397.722222222	300
trapezoid-dst-key0+37	R	29	500	300	500	300	500	300
trapezoid-dst-key1+37	R	0	100	100	100	100	100	100
trapezoid-dst-key1+37	R	1	150	100	150	100	150	100
trapezoid-dst-key1+37	R	2	210	100	210	100	210	100
trapezoid-dst-key1+37	R	3	260	100	260	100	260	100
trapezoid-dst-key1+37	R	4	330	100	330	100	330	100
trapezoid-dst-key1+37	R	5	400	100	400	100	400	100
trapezoid-dst-key1+37	R	6	420	140	420	140	420	140
trapezoid-dst-key1+37	R	7	339.803333333	141.726666667	339.803333333	141.726666667	339.803333333	141.726666667
trapezoid-dst-key1+37	R	8	259.606666667	143.453333333	259.606666667	143.453333333	259.606666667	143.453333333
trapezoid-dst-key1+37	R	9	202.323333333	144.686666667	202.323333333	144.686666667	202.323333333	144.686666667
trapezoid-dst-key1+37	R	10	133.583333333	146.166666667	133.583333333	146.166666667	133.583333333	146.166666667
trapezoid-dst-key1+37	R	11	76.3	147.4	76.3	147.4	76.3	147.4
trapezoid-dst-key1+37	R	12	46.675	206.65	46.675	206.65	46.675	206.65
trapezoid-dst-key1+37	R	13	113.0625	203.875	113.0625	203.875	113.0625	203.875
trapezoid-dst-key1+37	R	14	192.7275	200.545	192.7275	200.545	192.7275	200.545
trapezoid-dst-key1+37	R	15	259.115	197.77	259.115	197.77	259.115	197.77
trapezoid-dst-key1+37	R	16	352.0575	193.885	352.0575	193.885	352.0575	193.885
trapezoid-dst-key1+37	R	17	445	190	445	190	445	190
trapezoid-dst-key1+37	R	18	475	250	475	250	475	250
trapezoid-dst-key1+37	R	19	366.7625	256.475	366.7625	256.475	366.7625	256.475
trapezoid-dst-key1+37	R	20	258.525	262.95	258.525	262.95	258.525	262.95
trapezoid-dst-key1+37	R	21	181.2125	267.575	181.2125	267.575	181.2125	267.575
trapezoid-dst-key1+37	R	22	88.4375	273.125	88.4375	273.125	88.4375	273.125
trapezoid-dst-key1+37	R	23	11.125	277.75	11.125	277.75	11.125	277.75
trapezoid-dst-key1+37	R	24	-18.5	337	-18.5	337	-18.5	337
trapezoid-dst-key1+37	R	25	67.916666667	330.833333333	67.916666667	330.833333333	67.916666667	330.833333333
trapezoid-dst-key1+37	R	26	171.616666667	323.433333333	171.616666667	323.433333333	171.616666667	323.433333333
trapezoid-dst-key1+37	R	27	258.033333333	317.266666667	258.033333333	317.266666667	258.033333333	317.266666667
trapezoid-dst-key1+37	R	28	379.016666667	308.633333333	379.016666667	308.633333333	379.016666667	308.633333333
trapezoid-dst-key1+37	R	29	500	300	500	300	500	300
trapezoid-dst-key2+37	R	0	100	100	100	100	100	100
trapezoid-dst-key2+37	R	1	150	100	150	100	150	100
trapezoid-dst-key2+37	R	2	210	100	210	100	210	100
trapezoid-dst-key2+37	R	3	260	100	260	100	260	100
trapezoid-dst-key2+37	R	4	330	100	330	100	330	100
trapezoid-dst-key2+37	R	5	400	100	400	100	400	100
trapezoid-dst-key2+37	R	6	432.333333333	140	432.333333333	140	432.333333333	140
trapezoid-dst-key2+37	R	7	350.122222222	140	350.122222222	140	350.122222222	140
trapezoid-dst-key2+37	R	8	267.911111111	140	267.911111111	140	267.911111111	140
trapezoid-dst-key2+37	R	9	209.188888889	140	209.188888889	140	209.188888889	140
trapezoid-dst-key2+37	R	10	138.722222222	140	138.722222222	140	138.722222222	140
trapezoid-dst-key2+37	R	11	80	140	80	140	80	140
trapezoid-dst-key2+37	R	12	55	190	55	190	55	190
trapezoid-dst-key2+37	R	13	124.625	190	124.625	190	124.625	190
trapezoid-dst-key2+37	R	14	208.175	190	208.175	190	208.175	190
trapezoid-dst-key2+37	R	15	277.8	190	277.8	190	277.8	190
trapezoid-dst-key2+37	R	16	375.275	190	375.275	190	375.275	190
trapezoid-dst-key2+37	R	17	472.75	190	472.75	190	472.75	190
trapezoid-dst-key2+37	R	18	521.25	250	521.25	250	521.25	250
trapezoid-dst-key2+37	R	19	405.458333333	250	405.458333333	250	405.458333333	250
trapezoid-dst-key2+37	R	20	289.666666667	250	289.666666667	250	289.666666667	250
trapezoid-dst-key2+37	R	21	206.958333333	250	206.958333333	250	206.958333333	250
trapezoid-dst-key2+37	R	22	107.708333333	250	107.708333333	250	107.708333333	250
trapezoid-dst-key2+37	R	23	25	250	25	250	25	250
trapezoid-dst-key2+37	R	24	0	300	0	300	0	300
trapezoid-dst-key2+37	R	25	93.611111111	300	93.611111111	300	93.611111111	300
trapezoid-dst-key2+37	R	26	205.944444444	300	205.944444444	300	205.944444444	300
trapezoid-dst-key2+37	R	27	299.555555556	300	299.555555556	300	299.555555556	300
trapezoid-dst-key2+37	R	28	430.611111111	300	430.611111111	300	430.611111111	300
trapezoid-dst-key2+37	R	29	561.666666667	300	561.666666667	300	561.666666667	300
trapezoid-dst-key3+37	R	0	100	100	100	100	100	100
trapezoid-dst-key3+37	R	1	150	100	150	100	150	100
trapezoid-dst-key3+37	R	2	210	100	210	100	210	100
trapezoid-dst-key3+37	R	3	260	100	260	100	260	100
trapezoid-dst-key3+37	R	4	330	100	330	100	330	100
trapezoid-dst-key3+37	R	5	400	100	400	100	400	100
trapezoid-dst-key3+37	R	6	423.7	147.4	423.7	147.4	423.7	147.4
trapezoid-dst-key3+37	R	7	343.503333333	145.673333333	343.503333333	145.673333333	343.503333333	145.673333333
trapezoid-dst-key3+37	R	8	263.306666667	143.946666667	263.306666667	143.946666667	263.306666667	143.946666667
trapezoid-dst-key3+37	R	9	206.023333333	142.713333333	206.023333333	142.713333333	206.023333333	142.713333333
trapezoid-dst-key3+37	R	10	137.283333333	141.233333333	137.283333333	141.233333333	137.283333333	141.233333333
trapezoid-dst-key3+37	R	11	80	140	80	140	80	140
trapezoid-dst-key3+37	R	12	55	190	55	190	55	190
trapezoid-dst-key3+37	R	13	121.3875	192.775	121.3875	192.775	121.3875	192.775
trapezoid-dst-key3+37	R	14	201.0525	196.105	201.0525	196.105	201.0525	196.105
trapezoid-dst-key3+37	R	15	267.44	198.88	267.44	198.88	267.44	198.88
trapezoid-dst-key3+37	R	16	360.3825	202.765	360.3825	202.765	360.3825	202.765
trapezoid-dst-key3+37	R	17	453.325	206.65	453.325	206.65	453.325	206.65
trapezoid-dst-key3+37	R	18	488.875	277.75	488.875	277.75	488.875	277.75
trapezoid-dst-key3+37	R	19	380.6375	271.275	380.6375	271.275	380.6375	271.275
trapezoid-dst-key3+37	R	20	272.4	264.8	272.4	264.8	272.4	264.8
trapezoid-dst-key3+37	R	21	195.0875	260.175	195.0875	260.175	195.0875	260.175
trapezoid-dst-key3+37	R	22	102.3125	254.625	102.3125	254.625	102.3125	254.625
trapezoid-dst-key3+37	R	23	25	250	25	250	25	250
trapezoid-dst-key3+37	R	24	0	300	0	300	0	300
trapezoid-dst-key3+37	R	25	86.416666667	306.166666667	86.416666667	306.166666667	86.416666667	306.166666667
trapezoid-dst-key3+37	R	26	190.116666667	313.566666667	190.116666667	313.566666667	190.116666667	313.566666667
trapezoid-dst-key3+37	R	27	276.533333333	319.733333333	276.533333333	319.733333333	276.533333333	319.733333333
trapezoid-dst-key3+37	R	28	397.516666667	328.366666667	397.516666667	328.366666667	397.516666667	328.366666667
trapezoid-dst-key3+37	R	29	518.5	337	518.5	337	518.5	337
trapezoid-dst-key4+37	R	0	137	100	137	100	137	100
trapezoid-dst-key4+37	R	1	180.833333333	100	180.833333333	100	180.833333333	100
trapezoid-dst-key4+37	R	2	233.433333333	100	233.433333333	100	233.433333333	100
trapezoid-dst-key4+37	R	3	277.266666667	100	277.266666667	100	277.266666667	100
trapezoid-dst-key4+37	R	4	338.633333333	100	338.633333333	100	338.633333333	100
trapezoid-dst-key4+37	R	5	400	100	400	100	400	100
trapezoid-dst-key4+37	R	6	420	140	420	140	420	140
trapezoid-dst-key4+37	R	7	347.573333333	140	347.573333333	140	347.573333333	140
trapezoid-dst-key4+37	R	8	275.146666667	140	275.146666667	140	275.146666667	140
trapezoid-dst-key4+37	R	9	223.413333333	140	223.413333333	140	223.413333333	140
trapezoid-dst-key4+37	R	10	161.333333333	140	161.333333333	140	161.333333333	140
trapezoid-dst-key4+37	R	11	109.6	140	109.6	140	109.6	140
trapezoid-dst-key4+37	R	12	75.35	190	75.35	190	75.35	190
trapezoid-dst-key4+37	R	13	136.958333333	190	136.958333333	190	136.958333333	190
trapezoid-dst-key4+37	R	14	210.888333333	190	210.888333333	190	210.888333333	190
trapezoid-dst-key4+37	R	15	272.496666667	190	272.496666667	190	272.496666667	190
trapezoid-dst-key4+37	R	16	358.748333333	190	358.748333333	190	358.748333333	190
trapezoid-dst-key4+37	R	17	445	190	445	190	445	190
trapezoid-dst-key4+37	R	18	475	250	475	250	475	250
trapezoid-dst-key4+37	R	19	372.158333333	250	372.158333333	250	372.158333333	250
trapezoid-dst-key4+37	R	20	269.316666667	250	269.316666667	250	269.316666667	250
trapezoid-dst-key4+37	R	21	195.858333333	250	195.858333333	250	195.858333333	250
trapezoid-dst-key4+37	R	22	107.708333333	250	107.708333333	250	107.708333333	250
trapezoid-dst-key4+37	R	23	34.25	250	34.25	250	34.25	250
trapezoid-dst-key4+37	R	24	0	300	0	300	0	300
trapezoid-dst-key4+37	R	25	83.333333333	300	83.333333333	300	83.333333333	300
trapezoid-dst-key4+37	R	26	183.333333333	300	183.333333333	300	183.333333333	300
trapezoid-dst-key4+37	R	27	266.666666667	300	266.666666667	300	266.666666667	300
trapezoid-dst-key4+37	R	28	383.333333333	300	383.333333333	300	383.333333333	300
trapezoid-dst-key4+37	R	29	500	300	500	300	500	300
trapezoid-dst-key5+37	R	0	81.5	137	81.5	137	81.5	137
trapezoid-dst-key5+37	R	1	134.583333333	130.833333333	134.583333333	130.833333333	134.583333333	130.833333333
trapezoid-dst-key5+37	R	2	198.283333333	123.433333333	198.283333333	123.433333333	198.283333333	123.433333333
trapezoid-dst-key5+37	R	3	251.366666667	117.266666667	251.366666667	117.266666667	251.366666667	117.266666667
trapezoid-dst-key5+37	R	4	325.683333333	108.633333333	325.683333333	108.633333333	325.683333333	108.633333333
trapezoid-dst-key5+37	R	5	400	100	400	100	400	100
trapezoid-dst-key5+37	R	6	420	140	420	140	420	140
trapezoid-dst-key5+37	R	7	337.213333333	146.906666667	337.213333333	146.906666667	337.213333333	146.906666667
trapezoid-dst-key5+37	R	8	254.426666667	153.813333333	254.426666667	153.813333333	254.426666667	153.813333333
trapezoid-dst-key5+37	R	9	195.293333333	158.746666667	195.293333333	158.746666667	195.293333333	158.746666667
trapezoid-dst-key5+37	R	10	124.333333333	164.666666667	124.333333333	164.666666667	124.333333333	164.666666667
trapezoid-dst-key5+37	R	11	65.2	169.6	65.2	169.6	65.2	169.6
trapezoid-dst-key5+37	R	12	44.825	210.35	44.825	210.35	44.825	210.35
trapezoid-dst-key5+37	R	13	111.520833333	206.958333333	111.520833333	206.958333333	111.520833333	206.958333333
trapezoid-dst-key5+37	R	14	191.555833333	202.888333333	191.555833333	202.888333333	191.555833333	202.888333333
trapezoid-dst-key5+37	R	15	258.251666667	199.496666667	258.251666667	199.496666667	258.251666667	199.496666667
trapezoid-dst-key5+37	R	16	351.625833333	194.748333333	351.625833333	194.748333333	351.625833333	194.748333333
trapezoid-dst-key5+37	R	17	445	190	445	190	445	190
trapezoid-dst-key5+37	R	18	475	250	475	250	475	250
trapezoid-dst-key5+37	R	19	368.920833333	252.158333333	368.920833333	252.158333333	368.920833333	252.158333333
trapezoid-dst-key5+37	R	20	262.841666667	254.316666667	262.841666667	254.316666667	262.841666667	254.316666667
trapezoid-dst-key5+37	R	21	187.070833333	255.858333333	187.070833333	255.858333333	187.070833333	255.858333333
trapezoid-dst-key5+37	R	22	96.145833333	257.708333333	96.145833333	257.708333333	96.145833333	257.708333333
trapezoid-dst-key5+37	R	23	20.375	259.25	20.375	259.25	20.375	259.25
trapezoid-dst-key5+37	R	24	0	300	0	300	0	300
trapezoid-dst-key5+37	R	25	83.333333333	300	83.333333333	300	83.333333333	300
trapezoid-dst-key5+37	R	26	183.333333333	300	183.333333333	300	183.333333333	300
trapezoid-dst-key5+37	R	27	266.666666667	300	266.666666667	300	266.666666667	300
trapezoid-dst-key5+37	R	28	383.333333333	300	383.333333333	300	383.333333333	300
trapezoid-dst-key5+37	R	29	500	300	500	300	500	300
trapezoid-dst-key6+37	R	0	100	100	100	100	100	100
trapezoid-dst-key6+37	R	1	156.166666667	100	156.166666667	100	156.166666667	100
trapezoid-dst-key6+37	R	2	223.566666667	100	223.566666667	100	223.566666667	100
trapezoid-dst-key6+37	R	3	279.733333333	100	279.733333333	100	279.733333333	100
trapezoid-dst-key6+37	R	4	358.366666667	100	358.366666667	100	358.366666667	100
trapezoid-dst-key6+37	R	5	437	100	437	100	437	100
trapezoid-dst-key6+37	R	6	449.6	140	449.6	140	449.6	140
trapezoid-dst-key6+37	R	7	363.36	140	363.36	140	363.36	140
trapezoid-dst-key6+37	R	8	277.12	140	277.12	140	277.12	140
trapezoid-dst-key6+37	R	9	215.52	140	215.52	140	215.52	140
trapezoid-dst-key6+37	R	10	141.6	140	141.6	140	141.6	140
trapezoid-dst-key6+37	R	11	80	140	80	140	80	140
trapezoid-dst-key6+37	R	12	55	190	55	190	55	190
trapezoid-dst-key6+37	R	13	123.391666667	190	123.391666667	190	123.391666667	190
trapezoid-dst-key6+37	R	14	205.461666667	190	205.461666667	190	205.461666667	190
trapezoid-dst-key6+37	R	15	273.853333333	190	273.853333333	190	273.853333333	190
trapezoid-dst-key6+37	R	16	369.601666667	190	369.601666667	190	369.601666667	190
trapezoid-dst-key6+37	R	17	465.35	190	465.35	190	465.35	190
trapezoid-dst-key6+37	R	18	484.25	250	484.25	250	484.25	250
trapezoid-dst-key6+37	R	19	377.091666667	250	377.091666667	250	377.091666667	250
trapezoid-dst-key6+37	R	20	269.933333333	250	269.933333333	250	269.933333333	250
trapezoid-dst-key6+37	R	21	193.391666667	250	193.391666667	250	193.391666667	250
trapezoid-dst-key6+37	R	22	101.541666667	250	101.541666667	250	101.541666667	250
trapezoid-dst-key6+37	R	23	25	250	25	250	25	250
trapezoid-dst-key6+37	R	24	0	300	0	300	0	300
trapezoid-dst-key6+37	R	25	83.333333333	300	83.333333333	300	83.333333333	300
trapezoid-dst-key6+37	R	26	183.333333333	300	183.333333333	300	183.333333333	300
trapezoid-dst-key6+37	R	27	266.666666667	300	266.666666667	300	266.666666667	300
trapezoid-dst-key6+37	R	28	383.333333333	300	383.333333333	300	383.333333333	300
trapezoid-dst-key6+37	R	29	500	300	500	300	500	300
trapezoid-dst-key7+37	R	0	100	100	100	100	100	100
trapezoid-dst-key7+37	R	1	153.083333333	106.166666667	153.083333333	106.166666667	153.083333333	106.166666667
trapezoid-dst-key7+37	R	2	216.783333333	113.566666667	216.783333333	113.566666667	216.783333333	113.566666667
trapezoid-dst-key7+37	R	3	269.866666667	119.733333333	269.866666667	119.733333333	269.866666667	119.733333333
trapezoid-dst-key7+37	R	4	344.183333333	128.366666667	344.183333333	128.366666667	344.183333333	128.366666667
trapezoid-dst-key7+37	R	5	418.5	137	418.5	137	418.5	137
trapezoid-dst-key7+37	R	6	434.8	169.6	434.8	169.6	434.8	169.6
trapezoid-dst-key7+37	R	7	352.013333333	162.693333333	352.013333333	162.693333333	352.013333333	162.693333333
trapezoid-dst-key7+37	R	8	269.226666667	155.786666667	269.226666667	155.786666667	269.226666667	155.786666667
trapezoid-dst-key7+37	R	9	210.093333333	150.853333333	210.093333333	150.853333333	210.093333333	150.853333333
trapezoid-dst-key7+37	R	10	139.133333333	144.933333333	139.133333333	144.933333333	139.133333333	144.933333333
trapezoid-dst-key7+37	R	11	80	140	80	140	80	140
trapezoid-dst-key7+37	R	12	55	190	55	190	55	190
trapezoid-dst-key7+37	R	13	121.695833333	193.391666667	121.695833333	193.391666667	121.695833333	193.391666667
trapezoid-dst-key7+37	R	14	201.730833333	197.461666667	201.730833333	197.461666667	201.730833333	197.461666667
trapezoid-dst-key7+37	R	15	268.426666667	200.853333333	268.426666667	200.853333333	268.426666667	200.853333333
trapezoid-dst-key7+37	R	16	361.800833333	205.601666667	361.800833333	205.601666667	361.800833333	205.601666667
trapezoid-dst-key7+37	R	17	455.175	210.35	455.175	210.35	455.175	210.35
trapezoid-dst-key7+37	R	18	479.625	259.25	479.625	259.25	479.625	259.25
trapezoid-dst-key7+37	R	19	373.545833333	257.091666667	373.545833333	257.091666667	373.545833333	257.091666667
trapezoid-dst-key7+37	R	20	267.466666667	254.933333333	267.466666667	254.933333333	267.466666667	254.933333333
trapezoid-dst-key7+37	R	21	191.695833333	253.391666667	191.695833333	253.391666667	191.695833333	253.391666667
trapezoid-dst-key7+37	R	22	100.770833333	251.541666667	100.770833333	251.541666667	100.770833333	251.541666667
trapezoid-dst-key7+37	R	23	25	250	25	250	25	250
trapezoid-dst-key7+37	R	24	0	300	0	300	0	300
trapezoid-dst-key7+37	R	25	83.333333333	300	83.333333333	300	83.333333333	300
trapezoid-dst-key7+37	R	26	183.333333333	300	183.333333333	300	183.333333333	300
trapezoid-dst-key7+37	R	27	266.666666667	300	266.666666667	300	266.666666667	300
trapezoid-dst-key7+37	R	28	383.333333333	300	383.333333333	300	383.333333333	300
trapezoid-dst-key7+37	R	29	500	300	500	300	500	300
trapezoid-dst-corner0-diagonal	R	0	100	100	100	100	100	100
trapezoid-dst-corner0-diagonal	R	1	150	100	150	100	150	100
trapezoid-dst-corner0-diagonal	R	2	210	100	210	100	210	100
trapezoid-dst-corner0-diagonal	R	3	260	100	260	100	260	100
trapezoid-dst-corner0-diagonal	R	4	330	100	330	100	330	100
trapezoid-dst-corner0-diagonal	R	5	400	100	400	100	400	100
trapezoid-dst-corner0-diagonal	R	6	420	140	420	140	420	140
trapezoid-dst-corner0-diagonal	R	7	342.894066667	141.726666667	342.894066667	141.726666667	342.894066667	141.726666667
trapezoid-dst-corner0-diagonal	R	8	265.788133333	143.453333333	265.788133333	143.453333333	265.788133333	143.453333333
trapezoid-dst-corner0-diagonal	R	9	210.712466667	144.686666667	210.712466667	144.686666667	210.712466667	144.686666667
trapezoid-dst-corner0-diagonal	R	10	144.621666667	146.166666667	144.621666667	146.166666667	144.621666667	146.166666667
trapezoid-dst-corner0-diagonal	R	11	89.546	147.4	89.546	147.4	89.546	147.4
trapezoid-dst-corner0-diagonal	R	12	76.4785	206.65	76.4785	206.65	76.4785	206.65
trapezoid-dst-corner0-diagonal	R	13	137.89875	203.875	137.89875	203.875	137.89875	203.875
trapezoid-dst-corner0-diagonal	R	14	211.60305	200.545	211.60305	200.545	211.60305	200.545
trapezoid-dst-corner0-diagonal	R	15	273.0233	197.77	273.0233	197.77	273.0233	197.77
trapezoid-dst-corner0-diagonal	R	16	359.01165	193.885	359.01165	193.885	359.01165	193.885
trapezoid-dst-corner0-diagonal	R	17	445	190	445	190	445	190
trapezoid-dst-corner0-diagonal	R	18	475	250	475	250	475	250
trapezoid-dst-corner0-diagonal	R	19	378.35275	256.475	378.35275	256.475	378.35275	256.475
trapezoid-dst-corner0-diagonal	R	20	281.7055	262.95	281.7055	262.95	281.7055	262.95
trapezoid-dst-corner0-diagonal	R	21	212.67175	267.575	212.67175	267.575	212.67175	267.575
trapezoid-dst-corner0-diagonal	R	22	129.83125	273.125	129.83125	273.125	129.83125	273.125
trapezoid-dst-corner0-diagonal	R	23	60.7975	277.75	60.7975	277.75	60.7975	277.75
trapezoid-dst-corner0-diagonal	R	24	47.73	337	47.73	337	47.73	337
trapezoid-dst-corner0-diagonal	R	25	123.108333333	330.833333333	123.108333333	330.833333333	123.108333333	330.833333333
trapezoid-dst-corner0-diagonal	R	26	213.562333333	323.433333333	213.562333333	323.433333333	213.562333333	323.433333333
trapezoid-dst-corner0-diagonal	R	27	288.940666667	317.266666667	288.940666667	317.266666667	288.940666667	317.266666667
trapezoid-dst-corner0-diagonal	R	28	394.470333333	308.633333333	394.470333333	308.633333333	394.470333333	308.633333333
trapezoid-dst-corner0-diagonal	R	29	500	300	500	300	500	300
trapezoid-dst-corner0-at-corner3	R	0	100	100	100	100	100	100
trapezoid-dst-corner0-at-corner3	R	1	150	100	150	100	150	100
trapezoid-dst-corner0-at-corner3	R	2	210	100	210	100	210	100
trapezoid-dst-corner0-at-corner3	R	3	260	100	260	100	260	100
trapezoid-dst-corner0-at-corner3	R	4	330	100	330	100	330	100
trapezoid-dst-corner0-at-corner3	R	5	400	100	400	100	400	100
trapezoid-dst-corner0-at-corner3	R	6	420	140	420	140	420	140
trapezoid-dst-corner0-at-corner3	R	7	359.333333333	130.666666667	359.333333333	130.666666667	359.333333333	130.666666667
trapezoid-dst-corner0-at-corner3	R	8	298.666666667	121.333333333	298.666666667	121.333333333	298.666666667	121.333333333
trapezoid-dst-corner0-at-corner3	R	9	255.333333333	114.666666667	255.333333333	114.666666667	255.333333333	114.666666667
trapezoid-dst-corner0-at-corner3	R	10	203.333333333	106.666666667	203.333333333	106.666666667	203.333333333	106.666666667
trapezoid-dst-corner0-at-corner3	R	11	160	100	160	100	160	100
trapezoid-dst-corner0-at-corner3	R	12	235	100	235	100	235	100
trapezoid-dst-corner0-at-corner3	R	13	270	115	270	115	270	115
trapezoid-dst-corner0-at-corner3	R	14	312	133	312	133	312	133
trapezoid-dst-corner0-at-corner3	R	15	347	148	347	148	347	148
trapezoid-dst-corner0-at-corner3	R	16	396	169	396	169	396	169
trapezoid-dst-corner0-at-corner3	R	17	445	190	445	190	445	190
trapezoid-dst-corner0-at-corner3	R	18	475	250	475	250	475	250
trapezoid-dst-corner0-at-corner3	R	19	440	215	440	215	440	215
trapezoid-dst-corner0-at-corner3	R	20	405	180	405	180	405	180
trapezoid-dst-corner0-at-corner3	R	21	380	155	380	155	380	155
trapezoid-dst-corner0-at-corner3	R	22	350	125	350	125	350	125
trapezoid-dst-corner0-at-corner3	R	23	325	100	325	100	325	100
trapezoid-dst-corner0-at-corner3	R	24	400	100	400	100	400	100
trapezoid-dst-corner0-at-corner3	R	25	416.666666667	133.333333333	416.666666667	133.333333333	416.666666667	133.333333333
trapezoid-dst-corner0-at-corner3	R	26	436.666666667	173.333333333	436.666666667	173.333333333	436.666666667	173.333333333
trapezoid-dst-corner0-at-corner3	R	27	453.333333333	206.666666667	453.333333333	206.666666667	453.333333333	206.666666667
trapezoid-dst-corner0-at-corner3	R	28	476.666666667	253.333333333	476.666666667	253.333333333	476.666666667	253.333333333
trapezoid-dst-corner0-at-corner3	R	29	500	300	500	300	500	300
trapezoid-dst-corner1-diagonal	R	0	100	100	100	100	100	100
trapezoid-dst-corner1-diagonal	R	1	150	100	150	100	150	100
trapezoid-dst-corner1-diagonal	R	2	210	100	210	100	210	100
trapezoid-dst-corner1-diagonal	R	3	260	100	260	100	260	100
trapezoid-dst-corner1-diagonal	R	4	330	100	330	100	330	100
trapezoid-dst-corner1-diagonal	R	5	400	100	400	100	400	100
trapezoid-dst-corner1-diagonal	R	6	436.946	147.4	436.946	147.4	436.946	147.4
trapezoid-dst-corner1-diagonal	R	7	353.6586	145.673333333	353.6586	145.673333333	353.6586	145.673333333
trapezoid-dst-corner1-diagonal	R	8	270.3712	143.946666667	270.3712	143.946666667	270.3712	143.946666667
trapezoid-dst-corner1-diagonal	R	9	210.8802	142.713333333	210.8802	142.713333333	210.8802	142.713333333
trapezoid-dst-corner1-diagonal	R	10	139.491	141.233333333	139.491	141.233333333	139.491	141.233333333
trapezoid-dst-corner1-diagonal	R	11	80	140	80	140	80	140
trapezoid-dst-corner1-diagonal	R	12	55	190	55	190	55	190
trapezoid-dst-corner1-diagonal	R	13	126.35475	192.775	126.35475	192.775	126.35475	192.775
trapezoid-dst-corner1-diagonal	R	14	211.98045	196.105	211.98045	196.105	211.98045	196.105
trapezoid-dst-corner1-diagonal	R	15	283.3352	198.88	283.3352	198.88	283.3352	198.88
trapezoid-dst-corner1-diagonal	R	16	383.23185	202.765	383.23185	202.765	383.23185	202.765
trapezoid-dst-corner1-diagonal	R	17	483.1285	206.65	483.1285	206.65	483.1285	206.65
trapezoid-dst-corner1-diagonal	R	18	538.5475	277.75	538.5475	277.75	538.5475	277.75
trapezoid-dst-corner1-diagonal	R	19	418.71975	271.275	418.71975	271.275	418.71975	271.275
trapezoid-dst-corner1-diagonal	R	20	298.892	264.8	298.892	264.8	298.892	264.8
trapezoid-dst-corner1-diagonal	R	21	213.30075	260.175	213.30075	260.175	213.30075	260.175
trapezoid-dst-corner1-diagonal	R	22	110.59125	254.625	110.59125	254.625	110.59125	254.625
trapezoid-dst-corner1-diagonal	R	23	25	250	25	250	25	250
trapezoid-dst-corner1-diagonal	R	24	0	300	0	300	0	300
trapezoid-dst-corner1-diagonal	R	25	97.455	306.166666667	97.455	306.166666667	97.455	306.166666667
trapezoid-dst-corner1-diagonal	R	26	214.401	313.566666667	214.401	313.566666667	214.401	313.566666667
trapezoid-dst-corner1-diagonal	R	27	311.856	319.733333333	311.856	319.733333333	311.856	319.733333333
trapezoid-dst-corner1-diagonal	R	28	448.293	328.366666667	448.293	328.366666667	448.293	328.366666667
trapezoid-dst-corner1-diagonal	R	29	584.73	337	584.73	337	584.73	337
trapezoid-dst-corner1-at-corner2	R	0	100	100	100	100	100	100
trapezoid-dst-corner1-at-corner2	R	1	150	100	150	100	150	100
trapezoid-dst-corner1-at-corner2	R	2	210	100	210	100	210	100
trapezoid-dst-corner1-at-corner2	R	3	260	100	260	100	260	100
trapezoid-dst-corner1-at-corner2	R	4	330	100	330	100	330	100
trapezoid-dst-corner1-at-corner2	R	5	400	100	400	100	400	100
trapezoid-dst-corner1-at-corner2	R	6	340	100	340	100	340	100
trapezoid-dst-corner1-at-corner2	R	7	279.333333333	109.333333333	279.333333333	109.333333333	279.333333333	109.333333333
trapezoid-dst-corner1-at-corner2	R	8	218.666666667	118.666666667	218.666666667	118.666666667	218.666666667	118.666666667
trapezoid-dst-corner1-at-corner2	R	9	175.333333333	125.333333333	175.333333333	125.333333333	175.333333333	125.333333333
trapezoid-dst-corner1-at-corner2	R	10	123.333333333	133.333333333	123.333333333	133.333333333	123.333333333	133.333333333
trapezoid-dst-corner1-at-corner2	R	11	80	140	80	140	80	140
trapezoid-dst-corner1-at-corner2	R	12	55	190	55	190	55	190
trapezoid-dst-corner1-at-corner2	R	13	90	175	90	175	90	175
trapezoid-dst-corner1-at-corner2	R	14	132	157	132	157	132	157
trapezoid-dst-corner1-at-corner2	R	15	167	142	167	142	167	142
trapezoid-dst-corner1-at-corner2	R	16	216	121	216	121	216	121
trapezoid-dst-corner1-at-corner2	R	17	265	100	265	100	265	100
trapezoid-dst-corner1-at-corner2	R	18	175	100	175	100	175	100
trapezoid-dst-corner1-at-corner2	R	19	140	135	140	135	140	135
trapezoid-dst-corner1-at-corner2	R	20	105	170	105	170	105	170
trapezoid-dst-corner1-at-corner2	R	21	80	195	80	195	80	195
trapezoid-dst-corner1-at-corner2	R	22	50	225	50	225	50	225
trapezoid-dst-corner1-at-corner2	R	23	25	250	25	250	25	250
trapezoid-dst-corner1-at-corner2	R	24	0	300	0	300	0	300
trapezoid-dst-corner1-at-corner2	R	25	16.666666667	266.666666667	16.666666667	266.666666667	16.666666667	266.666666667
trapezoid-dst-corner1-at-corner2	R	26	36.666666667	226.666666667	36.666666667	226.666666667	36.666666667	226.666666667
trapezoid-dst-corner1-at-corner2	R	27	53.333333333	193.333333333	53.333333333	193.333333333	53.333333333	193.333333333
trapezoid-dst-corner1-at-corner2	R	28	76.666666667	146.666666667	76.666666667	146.666666667	76.666666667	146.666666667
trapezoid-dst-corner1-at-corner2	R	29	100	100	100	100	100	100
trapezoid-dst-corner2-diagonal	R	0	123.063333333	137	123.063333333	137	123.063333333	137
trapezoid-dst-corner2-diagonal	R	1	169.219444444	130.833333333	169.219444444	130.833333333	169.219444444	130.833333333
trapezoid-dst-corner2-diagonal	R	2	224.606777778	123.433333333	224.606777778	123.433333333	224.606777778	123.433333333
trapezoid-dst-corner2-diagonal	R	3	270.762888889	117.266666667	270.762888889	117.266666667	270.762888889	117.266666667
trapezoid-dst-corner2-diagonal	R	4	335.381444444	108.633333333	335.381444444	108.633333333	335.381444444	108.633333333
trapezoid-dst-corner2-diagonal	R	5	400	100	400	100	400	100
trapezoid-dst-corner2-diagonal	R	6	420	140	420	140	420	140
trapezoid-dst-corner2-diagonal	R	7	344.971822222	146.906666667	344.971822222	146.906666667	344.971822222	146.906666667
trapezoid-dst-corner2-diagonal	R	8	269.943644444	153.813333333	269.943644444	153.813333333	269.943644444	153.813333333
trapezoid-dst-corner2-diagonal	R	9	216.352088889	158.746666667	216.352088889	158.746666667	216.352088889	158.746666667
trapezoid-dst-corner2-diagonal	R	10	152.042222222	164.666666667	152.042222222	164.666666667	152.042222222	164.666666667
trapezoid-dst-corner2-diagonal	R	11	98.450666667	169.6	98.450666667	169.6	98.450666667	169.6
trapezoid-dst-corner2-diagonal	R	12	67.684833333	210.35	67.684833333	210.35	67.684833333	210.35
trapezoid-dst-corner2-diagonal	R	13	130.570694444	206.958333333	130.570694444	206.958333333	130.570694444	206.958333333
trapezoid-dst-corner2-diagonal	R	14	206.033727778	202.888333333	206.033727778	202.888333333	206.033727778	202.888333333
trapezoid-dst-corner2-diagonal	R	15	268.919588889	199.496666667	268.919588889	199.496666667	268.919588889	199.496666667
trapezoid-dst-corner2-diagonal	R	16	356.959794444	194.748333333	356.959794444	194.748333333	356.959794444	194.748333333
trapezoid-dst-corner2-diagonal	R	17	445	190	445	190	445	190
trapezoid-dst-corner2-diagonal	R	18	475	250	475	250	475	250
trapezoid-dst-corner2-diagonal	R	19	371.345361111	252.158333333	371.345361111	252.158333333	371.345361111	252.158333333
trapezoid-dst-corner2-diagonal	R	20	267.690722222	254.316666667	267.690722222	254.316666667	267.690722222	254.316666667
trapezoid-dst-corner2-diagonal	R	21	193.651694444	255.858333333	193.651694444	255.858333333	193.651694444	255.858333333
trapezoid-dst-corner2-diagonal	R	22	104.804861111	257.708333333	104.804861111	257.708333333	104.804861111	257.708333333
trapezoid-dst-corner2-diagonal	R	23	30.765833333	259.25	30.765833333	259.25	30.765833333	259.25
trapezoid-dst-corner2-diagonal	R	24	0	300	0	300	0	300
trapezoid-dst-corner2-diagonal	R	25	83.333333333	300	83.333333333	300	83.333333333	300
trapezoid-dst-corner2-diagonal	R	26	183.333333333	300	183.333333333	300	183.333333333	300
trapezoid-dst-corner2-diagonal	R	27	266.666666667	300	266.666666667	300	266.666666667	300
trapezoid-dst-corner2-diagonal	R	28	383.333333333	300	383.333333333	300	383.333333333	300
trapezoid-dst-corner2-diagonal	R	29	500	300	500	300	500	300
trapezoid-dst-corner2-at-corner1	R	0	500	300	500	300	500	300
trapezoid-dst-corner2-at-corner1	R	1	483.333333333	266.666666667	483.333333333	266.666666667	483.333333333	266.666666667
trapezoid-dst-corner2-at-corner1	R	2	463.333333333	226.666666667	463.333333333	226.666666667	463.333333333	226.666666667
trapezoid-dst-corner2-at-corner1	R	3	446.666666667	193.333333333	446.666666667	193.333333333	446.666666667	193.333333333
trapezoid-dst-corner2-at-corner1	R	4	423.333333333	146.666666667	423.333333333	146.666666667	423.333333333	146.666666667
trapezoid-dst-corner2-at-corner1	R	5	400	100	400	100	400	100
trapezoid-dst-corner2-at-corner1	R	6	420	140	420	140	420	140
trapezoid-dst-corner2-at-corner1	R	7	415.333333333	177.333333333	415.333333333	177.333333333	415.333333333	177.333333333
trapezoid-dst-corner2-at-corner1	R	8	410.666666667	214.666666667	410.666666667	214.666666667	410.666666667	214.666666667
trapezoid-dst-corner2-at-corner1	R	9	407.333333333	241.333333333	407.333333333	241.333333333	407.333333333	241.333333333
trapezoid-dst-corner2-at-corner1	R	10	403.333333333	273.333333333	403.333333333	273.333333333	403.333333333	273.333333333
trapezoid-dst-corner2-at-corner1	R	11	400	300	400	300	400	300
trapezoid-dst-corner2-at-corner1	R	12	275	300	275	300	275	300
trapezoid-dst-corner2-at-corner1	R	13	303.333333333	281.666666667	303.333333333	281.666666667	303.333333333	281.666666667
trapezoid-dst-corner2-at-corner1	R	14	337.333333333	259.666666667	337.333333333	259.666666667	337.333333333	259.666666667
trapezoid-dst-corner2-at-corner1	R	15	365.666666667	241.333333333	365.666666667	241.333333333	365.666666667	241.333333333
trapezoid-dst-corner2-at-corner1	R	16	405.333333333	215.666666667	405.333333333	215.666666667	405.333333333	215.666666667
trapezoid-dst-corner2-at-corner1	R	17	445	190	445	190	445	190
trapezoid-dst-corner2-at-corner1	R	18	475	250	475	250	475	250
trapezoid-dst-corner2-at-corner1	R	19	393.333333333	261.666666667	393.333333333	261.666666667	393.333333333	261.666666667
trapezoid-dst-corner2-at-corner1	R	20	311.666666667	273.333333333	311.666666667	273.333333333	311.666666667	273.333333333
trapezoid-dst-corner2-at-corner1	R	21	253.333333333	281.666666667	253.333333333	281.666666667	253.333333333	281.666666667
trapezoid-dst-corner2-at-corner1	R	22	183.333333333	291.666666667	183.333333333	291.666666667	183.333333333	291.666666667
trapezoid-dst-corner2-at-corner1	R	23	125	300	125	300	125	300
trapezoid-dst-corner2-at-corner1	R	24	0	300	0	300	0	300
trapezoid-dst-corner2-at-corner1	R	25	83.333333333	300	83.333333333	300	83.333333333	300
trapezoid-dst-corner2-at-corner1	R	26	183.333333333	300	183.333333333	300	183.333333333	300
trapezoid-dst-corner2-at-corner1	R	27	266.666666667	300	266.666666667	300	266.666666667	300
trapezoid-dst-corner2-at-corner1	R	28	383.333333333	300	383.333333333	300	383.333333333	300
trapezoid-dst-corner2-at-corner1	R	29	500	300	500	300	500	300
trapezoid-dst-corner3-diagonal	R	0	100	100	100	100	100	100
trapezoid-dst-corner3-diagonal	R	1	160.010555556	106.166666667	160.010555556	106.166666667	160.010555556	106.166666667
trapezoid-dst-corner3-diagonal	R	2	232.023222222	113.566666667	232.023222222	113.566666667	232.023222222	113.566666667
trapezoid-dst-corner3-diagonal	R	3	292.033777778	119.733333333	292.033777778	119.733333333	292.033777778	119.733333333
trapezoid-dst-corner3-diagonal	R	4	376.048555556	128.366666667	376.048555556	128.366666667	376.048555556	128.366666667
trapezoid-dst-corner3-diagonal	R	5	460.063333333	137	460.063333333	137	460.063333333	137
trapezoid-dst-corner3-diagonal	R	6	468.050666667	169.6	468.050666667	169.6	468.050666667	169.6
trapezoid-dst-corner3-diagonal	R	7	377.505511111	162.693333333	377.505511111	162.693333333	377.505511111	162.693333333
trapezoid-dst-corner3-diagonal	R	8	286.960355556	155.786666667	286.960355556	155.786666667	286.960355556	155.786666667
trapezoid-dst-corner3-diagonal	R	9	222.285244444	150.853333333	222.285244444	150.853333333	222.285244444	150.853333333
trapezoid-dst-corner3-diagonal	R	10	144.675111111	144.933333333	144.675111111	144.933333333	144.675111111	144.933333333
trapezoid-dst-corner3-diagonal	R	11	80	140	80	140	80	140
trapezoid-dst-corner3-diagonal	R	12	55	190	55	190	55	190
trapezoid-dst-corner3-diagonal	R	13	125.505805556	193.391666667	125.505805556	193.391666667	125.505805556	193.391666667
trapezoid-dst-corner3-diagonal	R	14	210.112772222	197.461666667	210.112772222	197.461666667	210.112772222	197.461666667
trapezoid-dst-corner3-diagonal	R	15	280.618577778	200.853333333	280.618577778	200.853333333	280.618577778	200.853333333
trapezoid-dst-corner3-diagonal	R	16	379.326705556	205.601666667	379.326705556	205.601666667	379.326705556	205.601666667
trapezoid-dst-corner3-diagonal	R	17	478.034833333	210.35	478.034833333	210.35	478.034833333	210.35
trapezoid-dst-corner3-diagonal	R	18	490.015833333	259.25	490.015833333	259.25	490.015833333	259.25
trapezoid-dst-corner3-diagonal	R	19	381.512138889	257.091666667	381.512138889	257.091666667	381.512138889	257.091666667
trapezoid-dst-corner3-diagonal	R	20	273.008444444	254.933333333	273.008444444	254.933333333	273.008444444	254.933333333
trapezoid-dst-corner3-diagonal	R	21	195.505805556	253.391666667	195.505805556	253.391666667	195.505805556	253.391666667
trapezoid-dst-corner3-diagonal	R	22	102.502638889	251.541666667	102.502638889	251.541666667	102.502638889	251.541666667
trapezoid-dst-corner3-diagonal	R	23	25	250	25	250	25	250
trapezoid-dst-corner3-diagonal	R	24	0	300	0	300	0	300
trapezoid-dst-corner3-diagonal	R	25	83.333333333	300	83.333333333	300	83.333333333	300
trapezoid-dst-corner3-diagonal	R	26	183.333333333	300	183.333333333	300	183.333333333	300
trapezoid-dst-corner3-diagonal	R	27	266.666666667	300	266.666666667	300	266.666666667	300
trapezoid-dst-corner3-diagonal	R	28	383.333333333	300	383.333333333	300	383.333333333	300
trapezoid-dst-corner3-diagonal	R	29	500	300	500	300	500	300
trapezoid-dst-corner3-at-corner0	R	0	100	100	100	100	100	100
trapezoid-dst-corner3-at-corner0	R	1	83.333333333	133.333333333	83.333333333	133.333333333	83.333333333	133.333333333
trapezoid-dst-corner3-at-corner0	R	2	63.333333333	173.333333333	63.333333333	173.333333333	63.333333333	173.333333333
trapezoid-dst-corner3-at-corner0	R	3	46.666666667	206.666666667	46.666666667	206.666666667	46.666666667	206.666666667
trapezoid-dst-corner3-at-corner0	R	4	23.333333333	253.333333333	23.333333333	253.333333333	23.333333333	253.333333333
trapezoid-dst-corner3-at-corner0	R	5	0	300	0	300	0	300
trapezoid-dst-corner3-at-corner0	R	6	100	300	100	300	100	300
trapezoid-dst-corner3-at-corner0	R	7	95.333333333	262.666666667	95.333333333	262.666666667	95.333333333	262.666666667
trapezoid-dst-corner3-at-corner0	R	8	90.666666667	225.333333333	90.666666667	225.333333333	90.666666667	225.333333333
trapezoid-dst-corner3-at-corner0	R	9	87.333333333	198.666666667	87.333333333	198.666666667	87.333333333	198.666666667
trapezoid-dst-corner3-at-corner0	R	10	83.333333333	166.666666667	83.333333333	166.666666667	83.333333333	166.666666667
trapezoid-dst-corner3-at-corner0	R	11	80	140	80	140	80	140
trapezoid-dst-corner3-at-corner0	R	12	55	190	55	190	55	190
trapezoid-dst-corner3-at-corner0	R	13	83.333333333	208.333333333	83.333333333	208.333333333	83.333333333	208.333333333
trapezoid-dst-corner3-at-corner0	R	14	117.333333333	230.333333333	117.333333333	230.333333333	117.333333333	230.333333333
trapezoid-dst-corner3-at-corner0	R	15	145.666666667	248.666666667	145.666666667	248.666666667	145.666666667	248.666666667
trapezoid-dst-corner3-at-corner0	R	16	185.333333333	274.333333333	185.333333333	274.333333333	185.333333333	274.333333333
trapezoid-dst-corner3-at-corner0	R	17	225	300	225	300	225	300
trapezoid-dst-corner3-at-corner0	R	18	375	300	375	300	375	300
trapezoid-dst-corner3-at-corner0	R	19	293.333333333	288.333333333	293.333333333	288.333333333	293.333333333	288.333333333
trapezoid-dst-corner3-at-corner0	R	20	211.666666667	276.666666667	211.666666667	276.666666667	211.666666667	276.666666667
trapezoid-dst-corner3-at-corner0	R	21	153.333333333	268.333333333	153.333333333	268.333333333	153.333333333	268.333333333
trapezoid-dst-corner3-at-corner0	R	22	83.333333333	258.333333333	83.333333333	258.333333333	83.333333333	258.333333333
trapezoid-dst-corner3-at-corner0	R	23	25	250	25	250	25	250
trapezoid-dst-corner3-at-corner0	R	24	0	300	0	300	0	300
trapezoid-dst-corner3-at-corner0	R	25	83.333333333	300	83.333333333	300	83.333333333	300
trapezoid-dst-corner3-at-corner0	R	26	183.333333333	300	183.333333333	300	183.333333333	300
trapezoid-dst-corner3-at-corner0	R	27	266.666666667	300	266.666666667	300	266.666666667	300
trapezoid-dst-corner3-at-corner0	R	28	383.333333333	300	383.333333333	300	383.333333333	300
trapezoid-dst-corner3-at-corner0	R	29	500	300	500	300	500	300
parallelogram-general	R	0	74	80	74	80	74	80
parallelogram-general	R	1	122.333333333	88.333333333	122.333333333	88.333333333	122.333333333	88.333333333
parallelogram-general	R	2	180.333333333	98.333333333	180.333333333	98.333333333	180.333333333	98.333333333
parallelogram-general	R	3	228.666666667	106.666666667	228.666666667	106.666666667	228.666666667	106.666666667
parallelogram-general	R	4	296.333333333	118.333333333	296.333333333	118.333333333	296.333333333	118.333333333
parallelogram-general	R	5	364	130	364	130	364	130
parallelogram-general	R	6	373.6	162	373.6	162	373.6	162
parallelogram-general	R	7	303.973333333	155.466666667	303.973333333	155.466666667	303.973333333	155.466666667
parallelogram-general	R	8	234.346666667	148.933333333	234.346666667	148.933333333	234.346666667	148.933333333
parallelogram-general	R	9	184.613333333	144.266666667	184.613333333	144.266666667	184.613333333	144.266666667
parallelogram-general	R	10	124.933333333	138.666666667	124.933333333	138.666666667	124.933333333	138.666666667
parallelogram-general	R	11	75.2	134	75.2	134	75.2	134
parallelogram-general	R	12	76.7	201.5	76.7	201.5	76.7	201.5
parallelogram-general	R	13	128.183333333	201.583333333	128.183333333	201.583333333	128.183333333	201.583333333
parallelogram-general	R	14	189.963333333	201.683333333	189.963333333	201.683333333	189.963333333	201.683333333
parallelogram-general	R	15	241.446666667	201.766666667	241.446666667	201.766666667	241.446666667	201.766666667
parallelogram-general	R	16	313.523333333	201.883333333	313.523333333	201.883333333	313.523333333	201.883333333
parallelogram-general	R	17	385.6	202	385.6	202	385.6	202
parallelogram-general	R	18	400	250	400	250	400	250
parallelogram-general	R	19	324.983333333	257.583333333	324.983333333	257.583333333	324.983333333	257.583333333
parallelogram-general	R	20	249.966666667	265.166666667	249.966666667	265.166666667	249.966666667	265.166666667
parallelogram-general	R	21	196.383333333	270.583333333	196.383333333	270.583333333	196.383333333	270.583333333
parallelogram-general	R	22	132.083333333	277.083333333	132.083333333	277.083333333	132.083333333	277.083333333
parallelogram-general	R	23	78.5	282.5	78.5	282.5	78.5	282.5
parallelogram-general	R	24	80	350	80	350	80	350
parallelogram-general	R	25	135.333333333	340	135.333333333	340	135.333333333	340
parallelogram-general	R	26	201.733333333	328	201.733333333	328	201.733333333	328
parallelogram-general	R	27	257.066666667	318	257.066666667	318	257.066666667	318
parallelogram-general	R	28	334.533333333	304	334.533333333	304	334.533333333	304
parallelogram-general	R	29	412	290	412	290	412	290
concave-identity	R	0	100	100	100	100	100	100
concave-identity	R	1	175	80	175	80	175	80
concave-identity	R	2	265	56	265	56	265	56
concave-identity	R	3	340	36	340	36	340	36
concave-identity	R	4	445	8	445	8	445	8
concave-identity	R	5	550	-20	550	-20	550	-20
concave-identity	R	6	520	44	520	44	520	44
concave-identity	R	7	422	66.4	422	66.4	422	66.4
concave-identity	R	8	324	88.8	324	88.8	324	88.8
concave-identity	R	9	254	104.8	254	104.8	254	104.8
concave-identity	R	10	170	124	170	124	170	124
concave-identity	R	11	100	140	100	140	100	140
concave-identity	R	12	100	190	100	190	100	190
concave-identity	R	13	163.75	179	163.75	179	163.75	179
concave-identity	R	14	240.25	165.8	240.25	165.8	240.25	165.8
concave-identity	R	15	304	154.8	304	154.8	304	154.8
concave-identity	R	16	393.25	139.4	393.25	139.4	393.25	139.4
concave-identity	R	17	482.5	124	482.5	124	482.5	124
concave-identity	R	18	437.5	220	437.5	220	437.5	220
concave-identity	R	19	358.75	227	358.75	227	358.75	227
concave-identity	R	20	280	234	280	234	280	234
concave-identity	R	21	223.75	239	223.75	239	223.75	239
concave-identity	R	22	156.25	245	156.25	245	156.25	245
concave-identity	R	23	100	250	100	250	100	250
concave-identity	R	24	100	300	100	300	100	300
concave-identity	R	25	150	300	150	300	150	300
concave-identity	R	26	210	300	210	300	210	300
concave-identity	R	27	260	300	260	300	260	300
concave-identity	R	28	330	300	330	300	330	300
concave-identity	R	29	400	300	400	300	400	300
concave-general	R	0	53.5	93.2	53.5	93.2	53.5	93.2
concave-general	R	1	125.375	84.033333333	125.375	84.033333333	125.375	84.033333333
concave-general	R	2	211.625	73.033333333	211.625	73.033333333	211.625	73.033333333
concave-general	R	3	283.5	63.866666667	283.5	63.866666667	283.5	63.866666667
concave-general	R	4	384.125	51.033333333	384.125	51.033333333	384.125	51.033333333
concave-general	R	5	484.75	38.2	484.75	38.2	484.75	38.2
concave-general	R	6	479.55	87.16	479.55	87.16	479.55	87.16
concave-general	R	7	383.533333333	100.693333333	383.533333333	100.693333333	383.533333333	100.693333333
concave-general	R	8	287.516666667	114.226666667	287.516666667	114.226666667	287.516666667	114.226666667
concave-general	R	9	218.933333333	123.893333333	218.933333333	123.893333333	218.933333333	123.893333333
concave-general	R	10	136.633333333	135.493333333	136.633333333	135.493333333	136.633333333	135.493333333
concave-general	R	11	68.05	145.16	68.05	145.16	68.05	145.16
concave-general	R	12	86.2375	210.11	86.2375	210.11	86.2375	210.11
concave-general	R	13	150.70625	199.818333333	150.70625	199.818333333	150.70625	199.818333333
concave-general	R	14	228.06875	187.468333333	228.06875	187.468333333	228.06875	187.468333333
concave-general	R	15	292.5375	177.176666667	292.5375	177.176666667	292.5375	177.176666667
concave-general	R	16	382.79375	162.768333333	382.79375	162.768333333	382.79375	162.768333333
concave-general	R	17	473.05	148.36	473.05	148.36	473.05	148.36
concave-general	R	18	465.25	221.8	465.25	221.8	465.25	221.8
concave-general	R	19	381.90625	237.258333333	381.90625	237.258333333	381.90625	237.258333333
concave-general	R	20	298.5625	252.716666667	298.5625	252.716666667	298.5625	252.716666667
concave-general	R	21	239.03125	263.758333333	239.03125	263.758333333	239.03125	263.758333333
concave-general	R	22	167.59375	277.008333333	167.59375	277.008333333	167.59375	277.008333333
concave-general	R	23	108.0625	288.05	108.0625	288.05	108.0625	288.05
concave-general	R	24	126.25	353	126.25	353	126.25	353
concave-general	R	25	181.666666667	341.333333333	181.666666667	341.333333333	181.666666667	341.333333333
concave-general	R	26	248.166666667	327.333333333	248.166666667	327.333333333	248.166666667	327.333333333
concave-general	R	27	303.583333333	315.666666667	303.583333333	315.666666667	303.583333333	315.666666667
concave-general	R	28	381.166666667	299.333333333	381.166666667	299.333333333	381.166666667	299.333333333
concave-general	R	29	458.75	283	458.75	283	458.75	283
bow-tie-identity	R	0	100	100	100	100	100	100
bow-tie-identity	R	1	150	100	150	100	150	100
bow-tie-identity	R	2	210	100	210	100	210	100
bow-tie-identity	R	3	260	100	260	100	260	100
bow-tie-identity	R	4	330	100	330	100	330	100
bow-tie-identity	R	5	400	100	400	100	400	100
bow-tie-identity	R	6	340	140	340	140	340	140
bow-tie-identity	R	7	298	140	298	140	298	140
bow-tie-identity	R	8	256	140	256	140	256	140
bow-tie-identity	R	9	226	140	226	140	226	140
bow-tie-identity	R	10	190	140	190	140	190	140
bow-tie-identity	R	11	160	140	160	140	160	140
bow-tie-identity	R	12	235	190	235	190	235	190
bow-tie-identity	R	13	240	190	240	190	240	190
bow-tie-identity	R	14	246	190	246	190	246	190
bow-tie-identity	R	15	251	190	251	190	251	190
bow-tie-identity	R	16	258	190	258	190	258	190
bow-tie-identity	R	17	265	190	265	190	265	190
bow-tie-identity	R	18	175	250	175	250	175	250
bow-tie-identity	R	19	210	250	210	250	210	250
bow-tie-identity	R	20	245	250	245	250	245	250
bow-tie-identity	R	21	270	250	270	250	270	250
bow-tie-identity	R	22	300	250	300	250	300	250
bow-tie-identity	R	23	325	250	325	250	325	250
bow-tie-identity	R	24	400	300	400	300	400	300
bow-tie-identity	R	25	350	300	350	300	350	300
bow-tie-identity	R	26	290	300	290	300	290	300
bow-tie-identity	R	27	240	300	240	300	240	300
bow-tie-identity	R	28	170	300	170	300	170	300
bow-tie-identity	R	29	100	300	100	300	100	300
far-convex-general	R	0	-2376.04743083	264.584980237	-2376.04743083	264.584980237	-2376.04743083	264.584980237
far-convex-general	R	1	-2257.470355731	215.177865613	-2257.470355731	215.177865613	-2257.470355731	215.177865613
far-convex-general	R	2	-2115.177865613	155.889328063	-2115.177865613	155.889328063	-2115.177865613	155.889328063
far-convex-general	R	3	-1996.600790514	106.482213439	-1996.600790514	106.482213439	-1996.600790514	106.482213439
far-convex-general	R	4	-1830.592885375	37.312252964	-1830.592885375	37.312252964	-1830.592885375	37.312252964
far-convex-general	R	5	-1664.584980237	-31.85770751	-1664.584980237	-31.85770751	-1664.584980237	-31.85770751
far-convex-general	R	6	-1602.819499341	-38.540184453	-1602.819499341	-38.540184453	-1602.819499341	-38.540184453
far-convex-general	R	7	-1762.093631972	29.127097058	-1762.093631972	29.127097058	-1762.093631972	29.127097058
far-convex-general	R	8	-1921.367764603	96.794378568	-1921.367764603	96.794378568	-1921.367764603	96.794378568
far-convex-general	R	9	-2035.135002196	145.128151076	-2035.135002196	145.128151076	-2035.135002196	145.128151076
far-convex-general	R	10	-2171.655687308	203.128678085	-2171.655687308	203.128678085	-2171.655687308	203.128678085
far-convex-general	R	11	-2285.422924901	251.462450593	-2285.422924901	251.462450593	-2285.422924901	251.462450593
far-convex-general	R	12	-2172.14229249	235.059288538	-2172.14229249	235.059288538	-2172.14229249	235.059288538
far-convex-general	R	13	-2064.387351779	188.067193676	-2064.387351779	188.067193676	-2064.387351779	188.067193676
far-convex-general	R	14	-1935.081422925	131.676679842	-1935.081422925	131.676679842	-1935.081422925	131.676679842
far-convex-general	R	15	-1827.326482213	84.68458498	-1827.326482213	84.68458498	-1827.326482213	84.68458498
far-convex-general	R	16	-1676.469565217	18.895652174	-1676.469565217	18.895652174	-1676.469565217	18.895652174
far-convex-general	R	17	-1525.612648221	-46.893280632	-1525.612648221	-46.893280632	-1525.612648221	-46.893280632
far-convex-general	R	18	-1432.964426877	-56.916996047	-1432.964426877	-56.916996047	-1432.964426877	-56.916996047
far-convex-general	R	19	-1573.720685112	6.617918314	-1573.720685112	6.617918314	-1573.720685112	6.617918314
far-convex-general	R	20	-1714.476943347	70.152832675	-1714.476943347	70.152832675	-1714.476943347	70.152832675
far-convex-general	R	21	-1815.0171278	115.534914361	-1815.0171278	115.534914361	-1815.0171278	115.534914361
far-convex-general	R	22	-1935.665349144	169.993412385	-1935.665349144	169.993412385	-1935.665349144	169.993412385
far-convex-general	R	23	-2036.205533597	215.375494071	-2036.205533597	215.375494071	-2036.205533597	215.375494071
far-convex-general	R	24	-1922.924901186	198.972332016	-1922.924901186	198.972332016	-1922.924901186	198.972332016
far-convex-general	R	25	-1828.397013614	154.931927975	-1828.397013614	154.931927975	-1828.397013614	154.931927975
far-convex-general	R	26	-1714.963548529	102.083443127	-1714.963548529	102.083443127	-1714.963548529	102.083443127
far-convex-general	R	27	-1620.435660957	58.043039087	-1620.435660957	58.043039087	-1620.435660957	58.043039087
far-convex-general	R	28	-1488.096618357	-3.61352657	-1488.096618357	-3.61352657	-1488.096618357	-3.61352657
far-convex-general	R	29	-1355.757575758	-65.270092227	-1355.757575758	-65.270092227	-1355.757575758	-65.270092227
random-00	R	0	16.764289284	74.318801569	16.764289284	74.318801569	16.764289284	74.318801569
random-00	R	1	119.788181437	36.718328323	119.788181437	36.718328323	119.788181437	36.718328323
random-00	R	2	243.41685202	-8.402239572	243.41685202	-8.402239572	243.41685202	-8.402239572
random-00	R	3	346.440744173	-46.002712818	346.440744173	-46.002712818	346.440744173	-46.002712818
random-00	R	4	490.674193188	-98.643375362	490.674193188	-98.643375362	490.674193188	-98.643375362
random-00	R	5	634.907642202	-151.284037906	634.907642202	-151.284037906	634.907642202	-151.284037906
random-00	R	6	578.293931805	-31.880186186	578.293931805	-31.880186186	578.293931805	-31.880186186
random-00	R	7	456.489235779	9.068964034	456.489235779	9.068964034	456.489235779	9.068964034
random-00	R	8	334.684539754	50.018114253	334.684539754	50.018114253	334.684539754	50.018114253
random-00	R	9	247.68118545	79.267507267	247.68118545	79.267507267	247.68118545	79.267507267
random-00	R	10	143.277160286	114.366778883	143.277160286	114.366778883	143.277160286	114.366778883
random-00	R	11	56.273805982	143.616171897	56.273805982	143.616171897	56.273805982	143.616171897
random-00	R	12	105.660701855	230.237884806	105.660701855	230.237884806	105.660701855	230.237884806
random-00	R	13	172.638383847	211.427342083	172.638383847	211.427342083	172.638383847	211.427342083
random-00	R	14	253.011602238	188.854690814	253.011602238	188.854690814	253.011602238	188.854690814
random-00	R	15	319.98928423	170.044148091	319.98928423	170.044148091	319.98928423	170.044148091
random-00	R	16	413.758039019	143.709388278	413.758039019	143.709388278	413.758039019	143.709388278
random-00	R	17	507.526793808	117.374628465	507.526793808	117.374628465	507.526793808	117.374628465
random-00	R	18	422.606228212	296.480406045	422.606228212	296.480406045	422.606228212	296.480406045
random-00	R	19	362.480602906	305.277897371	362.480602906	305.277897371	362.480602906	305.277897371
random-00	R	20	302.354977601	314.075388696	302.354977601	314.075388696	302.354977601	314.075388696
random-00	R	21	259.408102382	320.359311072	259.408102382	320.359311072	259.408102382	320.359311072
random-00	R	22	207.87185212	327.900017922	207.87185212	327.900017922	207.87185212	327.900017922
random-00	R	23	164.924976902	334.183940297	164.924976902	334.183940297	164.924976902	334.183940297
random-00	R	24	214.311872775	420.805653207	214.311872775	420.805653207	214.311872775	420.805653207
random-00	R	25	237.233075682	424.960581122	237.233075682	424.960581122	237.233075682	424.960581122
random-00	R	26	264.73851917	429.946494619	264.73851917	429.946494619	264.73851917	429.946494619
random-00	R	27	287.659722076	434.101422534	287.659722076	434.101422534	287.659722076	434.101422534
random-00	R	28	319.749406146	439.918321615	319.749406146	439.918321615	319.749406146	439.918321615
random-00	R	29	351.839090215	445.735220695	351.839090215	445.735220695	351.839090215	445.735220695
random-01	R	0	137.962311512	91.914787754	137.962311512	91.914787754	137.962311512	91.914787754
random-01	R	1	167.118382893	75.295660409	167.118382893	75.295660409	167.118382893	75.295660409
random-01	R	2	202.10566855	55.352707594	202.10566855	55.352707594	202.10566855	55.352707594
random-01	R	3	231.261739932	38.733580249	231.261739932	38.733580249	231.261739932	38.733580249
random-01	R	4	272.080239865	15.466801965	272.080239865	15.466801965	272.080239865	15.466801965
random-01	R	5	312.898739799	-7.799976319	312.898739799	-7.799976319	312.898739799	-7.799976319
random-01	R	6	361.064901882	61.205641295	361.064901882	61.205641295	361.064901882	61.205641295
random-01	R	7	297.852801234	79.345768668	297.852801234	79.345768668	297.852801234	79.345768668
random-01	R	8	234.640700585	97.485896042	234.640700585	97.485896042	234.640700585	97.485896042
random-01	R	9	189.489200122	110.44312988	189.489200122	110.44312988	189.489200122	110.44312988
random-01	R	10	135.307399566	125.991810486	135.307399566	125.991810486	135.307399566	125.991810486
random-01	R	11	90.155899103	138.949044324	90.155899103	138.949044324	90.155899103	138.949044324
random-01	R	12	30.397883592	197.741865037	30.397883592	197.741865037	30.397883592	197.741865037
random-01	R	13	95.543670408	189.361998082	95.543670408	189.361998082	95.543670408	189.361998082
random-01	R	14	173.718614587	179.306157737	173.718614587	179.306157737	173.718614587	179.306157737
random-01	R	15	238.864401403	170.926290783	238.864401403	170.926290783	238.864401403	170.926290783
random-01	R	16	330.068502944	159.194477047	330.068502944	159.194477047	330.068502944	159.194477047
random-01	R	17	421.272604486	147.462663311	421.272604486	147.462663311	421.272604486	147.462663311
random-01	R	18	493.521847611	250.971089731	493.521847611	250.971089731	493.521847611	250.971089731
random-01	R	19	368.727344997	255.012927102	368.727344997	255.012927102	368.727344997	255.012927102
random-01	R	20	243.932842383	259.054764473	243.932842383	259.054764473	243.932842383	259.054764473
random-01	R	21	154.793911945	261.941791166	154.793911945	261.941791166	154.793911945	261.941791166
random-01	R	22	47.827195418	265.406223198	47.827195418	265.406223198	47.827195418	265.406223198
random-01	R	23	-41.31173502	268.293249891	-41.31173502	268.293249891	-41.31173502	268.293249891
random-01	R	24	-101.069750531	327.086070604	-101.069750531	327.086070604	-101.069750531	327.086070604
random-01	R	25	8.06346626	328.776410794	8.06346626	328.776410794	8.06346626	328.776410794
random-01	R	26	139.023326409	330.804819023	139.023326409	330.804819023	139.023326409	330.804819023
random-01	R	27	248.1565432	332.495159214	248.1565432	332.495159214	248.1565432	332.495159214
random-01	R	28	400.943046708	334.861635481	400.943046708	334.861635481	400.943046708	334.861635481
random-01	R	29	553.729550215	337.228111748	553.729550215	337.228111748	553.729550215	337.228111748
random-02	R	0	180.09696383	169.326475652	180.09696383	169.326475652	180.09696383	169.326475652
random-02	R	1	216.106156151	170.523114782	216.106156151	170.523114782	216.106156151	170.523114782
random-02	R	2	259.317186937	171.959081738	259.317186937	171.959081738	259.317186937	171.959081738
random-02	R	3	295.326379258	173.155720869	295.326379258	173.155720869	295.326379258	173.155720869
random-02	R	4	345.739248507	174.831015651	345.739248507	174.831015651	345.739248507	174.831015651
random-02	R	5	396.152117757	176.506310434	396.152117757	176.506310434	396.152117757	176.506310434
random-02	R	6	381.729874692	193.965420774	381.729874692	193.965420774	381.729874692	193.965420774
random-02	R	7	328.057076314	193.450251235	328.057076314	193.450251235	328.057076314	193.450251235
random-02	R	8	274.384277935	192.935081695	274.384277935	192.935081695	274.384277935	192.935081695
random-02	R	9	236.046564808	192.567103453	236.046564808	192.567103453	236.046564808	192.567103453
random-02	R	10	190.041309055	192.125529562	190.041309055	192.125529562	190.041309055	192.125529562
random-02	R	11	151.703595927	191.75755132	151.703595927	191.75755132	151.703595927	191.75755132
random-02	R	12	116.211886049	219.796395905	116.211886049	219.796395905	116.211886049	219.796395905
random-02	R	13	157.460250184	219.128548037	157.460250184	219.128548037	157.460250184	219.128548037
random-02	R	14	206.958287146	218.327130596	206.958287146	218.327130596	206.958287146	218.327130596
random-02	R	15	248.206651282	217.659282729	248.206651282	217.659282729	248.206651282	217.659282729
random-02	R	16	305.954361071	216.724295714	305.954361071	216.724295714	305.954361071	216.724295714
random-02	R	17	363.702070861	215.789308699	363.702070861	215.789308699	363.702070861	215.789308699
random-02	R	18	342.068706263	241.977974209	342.068706263	241.977974209	342.068706263	241.977974209
random-02	R	19	279.431102781	244.653149089	279.431102781	244.653149089	279.431102781	244.653149089
random-02	R	20	216.793499298	247.328323968	216.793499298	247.328323968	216.793499298	247.328323968
random-02	R	21	172.052353953	249.239163168	172.052353953	249.239163168	172.052353953	249.239163168
random-02	R	22	118.362979539	251.532170208	118.362979539	251.532170208	118.362979539	251.532170208
random-02	R	23	73.621834194	253.443009407	73.621834194	253.443009407	73.621834194	253.443009407
random-02	R	24	38.130124316	281.481853992	38.130124316	281.481853992	38.130124316	281.481853992
random-02	R	25	85.781920669	278.535188683	85.781920669	278.535188683	85.781920669	278.535188683
random-02	R	26	142.964076292	274.999190311	142.964076292	274.999190311	142.964076292	274.999190311
random-02	R	27	190.615872644	272.052525001	190.615872644	272.052525001	190.615872644	272.052525001
random-02	R	28	257.328387538	267.927193568	257.328387538	267.927193568	257.328387538	267.927193568
random-02	R	29	324.040902432	263.801862134	324.040902432	263.801862134	324.040902432	263.801862134
random-03	R	0	203.800006858	104.31133638	203.800006858	104.31133638	203.800006858	104.31133638
random-03	R	1	250.584927873	117.135734935	250.584927873	117.135734935	250.584927873	117.135734935
random-03	R	2	306.72683309	132.5250132	306.72683309	132.5250132	306.72683309	132.5250132
random-03	R	3	353.511754105	145.349411754	353.511754105	145.349411754	353.511754105	145.349411754
random-03	R	4	419.010643526	163.30356973	419.010643526	163.30356973	419.010643526	163.30356973
random-03	R	5	484.509532946	181.257727706	484.509532946	181.257727706	484.509532946	181.257727706
random-03	R	6	453.214424061	202.501301237	453.214424061	202.501301237	453.214424061	202.501301237
random-03	R	7	382.168807496	190.239693951	382.168807496	190.239693951	382.168807496	190.239693951
random-03	R	8	311.12319093	177.978086664	311.12319093	177.978086664	311.12319093	177.978086664
random-03	R	9	260.376321955	169.219795745	260.376321955	169.219795745	260.376321955	169.219795745
random-03	R	10	199.480079185	158.709846643	199.480079185	158.709846643	199.480079185	158.709846643
random-03	R	11	148.73321021	149.951555724	148.73321021	149.951555724	148.73321021	149.951555724
random-03	R	12	79.8997144	207.001829903	79.8997144	207.001829903	79.8997144	207.001829903
random-03	R	13	135.599018325	210.677486278	135.599018325	210.677486278	135.599018325	210.677486278
random-03	R	14	202.438183036	215.088273927	202.438183036	215.088273927	202.438183036	215.088273927
random-03	R	15	258.137486962	218.763930302	258.137486962	218.763930302	258.137486962	218.763930302
random-03	R	16	336.116512458	223.909849226	336.116512458	223.909849226	336.116512458	223.909849226
random-03	R	17	414.095537954	229.055768151	414.095537954	229.055768151	414.095537954	229.055768151
random-03	R	18	367.152874626	260.921128447	367.152874626	260.921128447	367.152874626	260.921128447
random-03	R	19	280.853758413	264.314035557	280.853758413	264.314035557	280.853758413	264.314035557
random-03	R	20	194.5546422	267.706942667	194.5546422	267.706942667	194.5546422	267.706942667
random-03	R	21	132.912416334	270.130447746	132.912416334	270.130447746	132.912416334	270.130447746
random-03	R	22	58.941745294	273.03865384	58.941745294	273.03865384	58.941745294	273.03865384
random-03	R	23	-2.700480572	275.462158918	-2.700480572	275.462158918	-2.700480572	275.462158918
random-03	R	24	-71.533976383	332.512433097	-71.533976383	332.512433097	-71.533976383	332.512433097
random-03	R	25	-4.939315565	325.006293475	-4.939315565	325.006293475	-4.939315565	325.006293475
random-03	R	26	74.974277415	315.998925928	74.974277415	315.998925928	74.974277415	315.998925928
random-03	R	27	141.568938232	308.492786305	141.568938232	308.492786305	141.568938232	308.492786305
random-03	R	28	234.801463376	297.984190833	234.801463376	297.984190833	234.801463376	297.984190833
random-03	R	29	328.03398852	287.475595361	328.03398852	287.475595361	328.03398852	287.475595361
random-04	R	0	113.825682191	167.361071245	113.825682191	167.361071245	113.825682191	167.361071245
random-04	R	1	160.320398027	148.4923957	160.320398027	148.4923957	160.320398027	148.4923957
random-04	R	2	216.114057029	125.849985045	216.114057029	125.849985045	216.114057029	125.849985045
random-04	R	3	262.608772865	106.981309499	262.608772865	106.981309499	262.608772865	106.981309499
random-04	R	4	327.701375035	80.565163735	327.701375035	80.565163735	327.701375035	80.565163735
random-04	R	5	392.793977205	54.14901797	392.793977205	54.14901797	392.793977205	54.14901797
random-04	R	6	379.644739	107.406242235	379.644739	107.406242235	379.644739	107.406242235
random-04	R	7	315.672261053	124.311616667	315.672261053	124.311616667	315.672261053	124.311616667
random-04	R	8	251.699783105	141.2169911	251.699783105	141.2169911	251.699783105	141.2169911
random-04	R	9	206.005156	153.292258551	206.005156	153.292258551	206.005156	153.292258551
random-04	R	10	151.171603473	167.782579493	151.171603473	167.782579493	151.171603473	167.782579493
random-04	R	11	105.476976368	179.857846945	105.476976368	179.857846945	105.476976368	179.857846945
random-04	R	12	95.041094089	195.478816569	95.041094089	195.478816569	95.041094089	195.478816569
random-04	R	13	139.735610281	191.895309235	139.735610281	191.895309235	139.735610281	191.895309235
random-04	R	14	193.369029713	187.595100434	193.369029713	187.595100434	193.369029713	187.595100434
random-04	R	15	238.063545905	184.011593101	238.063545905	184.011593101	238.063545905	184.011593101
random-04	R	16	300.635868575	178.994682833	300.635868575	178.994682833	300.635868575	178.994682833
random-04	R	17	363.208191244	173.977772566	363.208191244	173.977772566	363.208191244	173.977772566
random-04	R	18	343.484333937	253.863608963	343.484333937	253.863608963	343.484333937	253.863608963
random-04	R	19	282.592197601	244.614362233	282.592197601	244.614362233	282.592197601	244.614362233
random-04	R	20	221.700061265	235.365115502	221.700061265	235.365115502	221.700061265	235.365115502
random-04	R	21	178.205678168	228.758510694	178.205678168	228.758510694	178.205678168	228.758510694
random-04	R	22	126.012418451	220.830584925	126.012418451	220.830584925	126.012418451	220.830584925
random-04	R	23	82.518035354	214.223980118	82.518035354	214.223980118	82.518035354	214.223980118
random-04	R	24	72.082153075	229.844949742	72.082153075	229.844949742	72.082153075	229.844949742
random-04	R	25	114.57642526	244.943314667	114.57642526	244.943314667	114.57642526	244.943314667
random-04	R	26	165.569551881	263.061352578	165.569551881	263.061352578	165.569551881	263.061352578
random-04	R	27	208.063824065	278.159717503	208.063824065	278.159717503	208.063824065	278.159717503
random-04	R	28	267.555805123	299.297428399	267.555805123	299.297428399	267.555805123	299.297428399
random-04	R	29	327.047786181	320.435139294	327.047786181	320.435139294	327.047786181	320.435139294
random-05	R	0	159.182719962	126.996629899	159.182719962	126.996629899	159.182719962	126.996629899
random-05	R	1	217.467051377	125.700841109	217.467051377	125.700841109	217.467051377	125.700841109
random-05	R	2	287.408249076	124.14589456	287.408249076	124.14589456	287.408249076	124.14589456
random-05	R	3	345.692580491	122.85010577	345.692580491	122.85010577	345.692580491	122.85010577
random-05	R	4	427.290644472	121.036001464	427.290644472	121.036001464	427.290644472	121.036001464
random-05	R	5	508.888708454	119.221897158	508.888708454	119.221897158	508.888708454	119.221897158
random-05	R	6	480.960987205	137.252402363	480.960987205	137.252402363	480.960987205	137.252402363
random-05	R	7	402.359813567	143.196649601	402.359813567	143.196649601	402.359813567	143.196649601
random-05	R	8	323.75863993	149.140896838	323.75863993	149.140896838	323.75863993	149.140896838
random-05	R	9	267.614944475	153.386787722	267.614944475	153.386787722	267.614944475	153.386787722
random-05	R	10	200.242509928	158.481856783	200.242509928	158.481856783	200.242509928	158.481856783
random-05	R	11	144.098814473	162.727747667	144.098814473	162.727747667	144.098814473	162.727747667
random-05	R	12	125.243932612	207.391644878	125.243932612	207.391644878	125.243932612	207.391644878
random-05	R	13	178.711833117	199.458126377	178.711833117	199.458126377	178.711833117	199.458126377
random-05	R	14	242.873313723	189.937904175	242.873313723	189.937904175	242.873313723	189.937904175
random-05	R	15	296.341214229	182.004385674	296.341214229	182.004385674	296.341214229	182.004385674
random-05	R	16	371.196274936	170.897459772	371.196274936	170.897459772	371.196274936	170.897459772
random-05	R	17	446.051335644	159.79053387	446.051335644	159.79053387	446.051335644	159.79053387
random-05	R	18	404.159753771	186.836291678	404.159753771	186.836291678	404.159753771	186.836291678
random-05	R	19	333.800028579	204.138431977	333.800028579	204.138431977	333.800028579	204.138431977
random-05	R	20	263.440303387	221.440572276	263.440303387	221.440572276	263.440303387	221.440572276
random-05	R	21	213.183356822	233.799243918	213.183356822	233.799243918	213.183356822	233.799243918
random-05	R	22	152.875020943	248.629649889	152.875020943	248.629649889	152.875020943	248.629649889
random-05	R	23	102.618074378	260.988321531	102.618074378	260.988321531	102.618074378	260.988321531
random-05	R	24	83.763192517	305.652218741	83.763192517	305.652218741	83.763192517	305.652218741
random-05	R	25	131.344344132	289.605919482	131.344344132	289.605919482	131.344344132	289.605919482
random-05	R	26	188.441726071	270.350360371	188.441726071	270.350360371	188.441726071	270.350360371
random-05	R	27	236.022877686	254.304061111	236.022877686	254.304061111	236.022877686	254.304061111
random-05	R	28	302.636489948	231.839242148	302.636489948	231.839242148	302.636489948	231.839242148
random-05	R	29	369.25010221	209.374423185	369.25010221	209.374423185	369.25010221	209.374423185
random-06	R	0	212.595278041	-43.432531867	212.595278041	-43.432531867	212.595278041	-43.432531867
random-06	R	1	225.126009118	-25.570909507	225.126009118	-25.570909507	225.126009118	-25.570909507
random-06	R	2	240.162886409	-4.136962675	240.162886409	-4.136962675	240.162886409	-4.136962675
random-06	R	3	252.693617485	13.724659685	252.693617485	13.724659685	252.693617485	13.724659685
random-06	R	4	270.236640992	38.730930989	270.236640992	38.730930989	270.236640992	38.730930989
random-06	R	5	287.779664499	63.737202293	287.779664499	63.737202293	287.779664499	63.737202293
random-06	R	6	303.560015812	88.848582088	303.560015812	88.848582088	303.560015812	88.848582088
random-06	R	7	273.829981983	70.662383766	273.829981983	70.662383766	273.829981983	70.662383766
random-06	R	8	244.099948153	52.476185444	244.099948153	52.476185444	244.099948153	52.476185444
random-06	R	9	222.864209704	39.486043786	222.864209704	39.486043786	222.864209704	39.486043786
random-06	R	10	197.381323564	23.897873796	197.381323564	23.897873796	197.381323564	23.897873796
random-06	R	11	176.145585114	10.907732137	176.145585114	10.907732137	176.145585114	10.907732137
random-06	R	12	130.583468956	78.833062143	130.583468956	78.833062143	130.583468956	78.833062143
random-06	R	13	162.700466622	85.733852924	162.700466622	85.733852924	162.700466622	85.733852924
random-06	R	14	201.240863822	94.014801862	201.240863822	94.014801862	201.240863822	94.014801862
random-06	R	15	233.357861488	100.915592643	233.357861488	100.915592643	233.357861488	100.915592643
random-06	R	16	278.321658221	110.576699737	278.321658221	110.576699737	278.321658221	110.576699737
random-06	R	17	323.285454954	120.237806831	323.285454954	120.237806831	323.285454954	120.237806831
random-06	R	18	346.955981924	157.904876523	346.955981924	157.904876523	346.955981924	157.904876523
random-06	R	19	283.711669707	158.473878903	283.711669707	158.473878903	283.711669707	158.473878903
random-06	R	20	220.46735749	159.042881282	220.46735749	159.042881282	220.46735749	159.042881282
random-06	R	21	175.292848764	159.449311553	175.292848764	159.449311553	175.292848764	159.449311553
random-06	R	22	121.083438292	159.937027878	121.083438292	159.937027878	121.083438292	159.937027878
random-06	R	23	75.908929566	160.343458149	75.908929566	160.343458149	75.908929566	160.343458149
random-06	R	24	30.346813407	228.268788155	30.346813407	228.268788155	30.346813407	228.268788155
random-06	R	25	86.40258135	221.773007007	86.40258135	221.773007007	86.40258135	221.773007007
random-06	R	26	153.669502882	213.978069629	153.669502882	213.978069629	153.669502882	213.978069629
random-06	R	27	209.725270825	207.482288481	209.725270825	207.482288481	209.725270825	207.482288481
random-06	R	28	288.203345945	198.388194874	288.203345945	198.388194874	288.203345945	198.388194874
random-06	R	29	366.681421066	189.294101267	366.681421066	189.294101267	366.681421066	189.294101267
random-07	R	0	83.402292681	62.511439089	83.402292681	62.511439089	83.402292681	62.511439089
random-07	R	1	117.809027923	97.483752279	117.809027923	97.483752279	117.809027923	97.483752279
random-07	R	2	159.097110214	139.450528106	159.097110214	139.450528106	159.097110214	139.450528106
random-07	R	3	193.503845456	174.422841295	193.503845456	174.422841295	193.503845456	174.422841295
random-07	R	4	241.673274795	223.384079761	241.673274795	223.384079761	241.673274795	223.384079761
random-07	R	5	289.842704134	272.345318226	289.842704134	272.345318226	289.842704134	272.345318226
random-07	R	6	346.033336989	253.453716494	346.033336989	253.453716494	346.033336989	253.453716494
random-07	R	7	293.306571727	227.52916643	293.306571727	227.52916643	293.306571727	227.52916643
random-07	R	8	240.579806465	201.604616365	240.579806465	201.604616365	240.579806465	201.604616365
random-07	R	9	202.917831277	183.087080605	202.917831277	183.087080605	202.917831277	183.087080605
random-07	R	10	157.723461053	160.866037692	157.723461053	160.866037692	157.723461053	160.866037692
random-07	R	11	120.061485865	142.348501932	120.061485865	142.348501932	120.061485865	142.348501932
random-07	R	12	165.885477345	242.144830485	165.885477345	242.144830485	165.885477345	242.144830485
random-07	R	13	207.616502464	240.093894459	207.616502464	240.093894459	207.616502464	240.093894459
random-07	R	14	257.693732607	237.632771228	257.693732607	237.632771228	257.693732607	237.632771228
random-07	R	15	299.424757726	235.581835202	299.424757726	235.581835202	299.424757726	235.581835202
random-07	R	16	357.848192892	232.710524766	357.848192892	232.710524766	357.848192892	232.710524766
random-07	R	17	416.271628059	229.83921433	416.271628059	229.83921433	416.271628059	229.83921433
random-07	R	18	500.557577342	201.501811732	500.557577342	201.501811732	500.557577342	201.501811732
random-07	R	19	435.298138291	238.92815477	435.298138291	238.92815477	435.298138291	238.92815477
random-07	R	20	370.038699239	276.354497807	370.038699239	276.354497807	370.038699239	276.354497807
random-07	R	21	323.424814203	303.087599976	323.424814203	303.087599976	323.424814203	303.087599976
random-07	R	22	267.488152159	335.16732258	267.488152159	335.16732258	267.488152159	335.16732258
random-07	R	23	220.874267122	361.900424749	220.874267122	361.900424749	220.874267122	361.900424749
random-07	R	24	266.698258602	461.696753303	266.698258602	461.696753303	266.698258602	461.696753303
random-07	R	25	317.38119357	414.395179347	317.38119357	414.395179347	317.38119357	414.395179347
random-07	R	26	378.200715532	357.6332906	378.200715532	357.6332906	378.200715532	357.6332906
random-07	R	27	428.883650501	310.331716644	428.883650501	310.331716644	428.883650501	310.331716644
random-07	R	28	499.839759456	244.109513106	499.839759456	244.109513106	499.839759456	244.109513106
random-07	R	29	570.795868412	177.887309568	570.795868412	177.887309568	570.795868412	177.887309568
random-08	R	0	123.859438009	170.21693155	123.859438009	170.21693155	123.859438009	170.21693155
random-08	R	1	170.318862787	139.573529218	170.318862787	139.573529218	170.318862787	139.573529218
random-08	R	2	226.070172521	102.801446421	226.070172521	102.801446421	226.070172521	102.801446421
random-08	R	3	272.529597299	72.158044089	272.529597299	72.158044089	272.529597299	72.158044089
random-08	R	4	337.572791988	29.257280825	337.572791988	29.257280825	337.572791988	29.257280825
random-08	R	5	402.615986677	-13.643482439	402.615986677	-13.643482439	402.615986677	-13.643482439
random-08	R	6	389.487936673	70.130463223	389.487936673	70.130463223	389.487936673	70.130463223
random-08	R	7	324.305404105	96.564539948	324.305404105	96.564539948	324.305404105	96.564539948
random-08	R	8	259.122871536	122.998616673	259.122871536	122.998616673	259.122871536	122.998616673
random-08	R	9	212.563919701	141.880100049	212.563919701	141.880100049	212.563919701	141.880100049
random-08	R	10	156.6931775	164.537880099	156.6931775	164.537880099	156.6931775	164.537880099
random-08	R	11	110.134225665	183.419363474	110.134225665	183.419363474	110.134225665	183.419363474
random-08	R	12	92.977710235	199.92240338	92.977710235	199.92240338	92.977710235	199.92240338
random-08	R	13	139.661070891	195.7433187	139.661070891	195.7433187	139.661070891	195.7433187
random-08	R	14	195.681103677	190.728417084	195.681103677	190.728417084	195.681103677	190.728417084
random-08	R	15	242.364464333	186.549332404	242.364464333	186.549332404	242.364464333	186.549332404
random-08	R	16	307.72116925	180.698613852	307.72116925	180.698613852	307.72116925	180.698613852
random-08	R	17	373.077874168	174.8478953	373.077874168	174.8478953	373.077874168	174.8478953
random-08	R	18	353.385799162	300.508813793	353.385799162	300.508813793	353.385799162	300.508813793
random-08	R	19	287.820087426	281.659502537	287.820087426	281.659502537	287.820087426	281.659502537
random-08	R	20	222.254375689	262.81019128	222.254375689	262.81019128	222.254375689	262.81019128
random-08	R	21	175.421724448	249.346397526	175.421724448	249.346397526	175.421724448	249.346397526
random-08	R	22	119.222542959	233.189845021	119.222542959	233.189845021	119.222542959	233.189845021
random-08	R	23	72.389891719	219.726051266	72.389891719	219.726051266	72.389891719	219.726051266
random-08	R	24	55.233376289	236.229091172	55.233376289	236.229091172	55.233376289	236.229091172
random-08	R	25	102.19043635	264.395283622	102.19043635	264.395283622	102.19043635	264.395283622
random-08	R	26	158.538908424	298.194714561	158.538908424	298.194714561	158.538908424	298.194714561
random-08	R	27	205.495968485	326.360907011	205.495968485	326.360907011	205.495968485	326.360907011
random-08	R	28	271.235852571	365.793576441	271.235852571	365.793576441	271.235852571	365.793576441
random-08	R	29	336.975736657	405.22624587	336.975736657	405.22624587	336.975736657	405.22624587
random-09	R	0	149.663317789	185.422942555	149.663317789	185.422942555	149.663317789	185.422942555
random-09	R	1	175.000879367	187.848282926	175.000879367	187.848282926	175.000879367	187.848282926
random-09	R	2	205.405953261	190.758691371	205.405953261	190.758691371	205.405953261	190.758691371
random-09	R	3	230.74351484	193.184031742	230.74351484	193.184031742	230.74351484	193.184031742
random-09	R	4	266.216101049	196.579508261	266.216101049	196.579508261	266.216101049	196.579508261
random-09	R	5	301.688687259	199.97498478	301.688687259	199.97498478	301.688687259	199.97498478
random-09	R	6	318.739633557	218.802769252	318.739633557	218.802769252	318.739633557	218.802769252
random-09	R	7	276.576142488	213.827945327	276.576142488	213.827945327	276.576142488	213.827945327
random-09	R	8	234.41265142	208.853121402	234.41265142	208.853121402	234.41265142	208.853121402
random-09	R	9	204.295872086	205.299675741	204.295872086	205.299675741	204.295872086	205.299675741
random-09	R	10	168.155736885	201.035540948	168.155736885	201.035540948	168.155736885	201.035540948
random-09	R	11	138.03895755	197.482095288	138.03895755	197.482095288	138.03895755	197.482095288
random-09	R	12	123.508507252	212.556036203	123.508507252	212.556036203	123.508507252	212.556036203
random-09	R	13	159.599308782	217.519613477	159.599308782	217.519613477	159.599308782	217.519613477
random-09	R	14	202.908270617	223.475906204	202.908270617	223.475906204	202.908270617	223.475906204
random-09	R	15	238.999072146	228.439483477	238.999072146	228.439483477	238.999072146	228.439483477
random-09	R	16	289.526194287	235.38849166	289.526194287	235.38849166	289.526194287	235.38849166
random-09	R	17	340.053316428	242.337499842	340.053316428	242.337499842	340.053316428	242.337499842
random-09	R	18	365.629735875	270.57917655	365.629735875	270.57917655	365.629735875	270.57917655
random-09	R	19	305.066256446	261.261147259	305.066256446	261.261147259	305.066256446	261.261147259
random-09	R	20	244.502777017	251.943117968	244.502777017	251.943117968	244.502777017	251.943117968
random-09	R	21	201.243148854	245.28738276	201.243148854	245.28738276	201.243148854	245.28738276
random-09	R	22	149.331595058	237.30050051	149.331595058	237.30050051	149.331595058	237.30050051
random-09	R	23	106.071966895	230.644765302	106.071966895	230.644765302	106.071966895	230.644765302
random-09	R	24	91.541516597	245.718706218	91.541516597	245.718706218	91.541516597	245.718706218
random-09	R	25	140.775166955	253.784573038	140.775166955	253.784573038	140.775166955	253.784573038
random-09	R	26	199.855547385	263.463613223	199.855547385	263.463613223	199.855547385	263.463613223
random-09	R	27	249.089197743	271.529480043	249.089197743	271.529480043	249.089197743	271.529480043
random-09	R	28	318.016308245	282.821693591	318.016308245	282.821693591	318.016308245	282.821693591
random-09	R	29	386.943418746	294.11390714	386.943418746	294.11390714	386.943418746	294.11390714
random-10	R	0	56.417721849	-115.916887045	56.417721849	-115.916887045	56.417721849	-115.916887045
random-10	R	1	119.714735154	-56.081324683	119.714735154	-56.081324683	119.714735154	-56.081324683
random-10	R	2	195.671151119	15.721350152	195.671151119	15.721350152	195.671151119	15.721350152
random-10	R	3	258.968164424	75.556912514	258.968164424	75.556912514	258.968164424	75.556912514
random-10	R	4	347.583983051	159.326699821	347.583983051	159.326699821	347.583983051	159.326699821
random-10	R	5	436.199801678	243.096487128	436.199801678	243.096487128	436.199801678	243.096487128
random-10	R	6	428.735989372	241.696849597	428.735989372	241.696849597	428.735989372	241.696849597
random-10	R	7	343.266938002	173.847012544	343.266938002	173.847012544	343.266938002	173.847012544
random-10	R	8	257.797886632	105.997175491	257.797886632	105.997175491	257.797886632	105.997175491
random-10	R	9	196.748564225	57.533006168	196.748564225	57.533006168	196.748564225	57.533006168
random-10	R	10	123.489377336	-0.623997021	123.489377336	-0.623997021	123.489377336	-0.623997021
random-10	R	11	62.440054929	-49.088166345	62.440054929	-49.088166345	62.440054929	-49.088166345
random-10	R	12	69.96797128	34.447734531	69.96797128	34.447734531	69.96797128	34.447734531
random-10	R	13	128.207680065	68.697662557	128.207680065	68.697662557	128.207680065	68.697662557
random-10	R	14	198.095330607	109.797576187	198.095330607	109.797576187	198.095330607	109.797576187
random-10	R	15	256.335039392	144.047504213	256.335039392	144.047504213	256.335039392	144.047504213
random-10	R	16	337.870631691	191.997403449	337.870631691	191.997403449	337.870631691	191.997403449
random-10	R	17	419.40622399	239.947302685	419.40622399	239.947302685	419.40622399	239.947302685
random-10	R	18	408.210505531	237.847846389	408.210505531	237.847846389	408.210505531	237.847846389
random-10	R	19	331.395064117	213.777872534	331.395064117	213.777872534	331.395064117	213.777872534
random-10	R	20	254.579622704	189.707898679	254.579622704	189.707898679	254.579622704	189.707898679
random-10	R	21	199.711450265	172.515060211	199.711450265	172.515060211	199.711450265	172.515060211
random-10	R	22	133.86964334	151.88365405	133.86964334	151.88365405	133.86964334	151.88365405
random-10	R	23	79.001470901	134.690815582	79.001470901	134.690815582	79.001470901	134.690815582
random-10	R	24	86.529387252	218.226716458	86.529387252	218.226716458	86.529387252	218.226716458
random-10	R	25	138.587946068	221.205313627	138.587946068	221.205313627	138.587946068	221.205313627
random-10	R	26	201.058216647	224.779630231	201.058216647	224.779630231	201.058216647	224.779630231
random-10	R	27	253.116775464	227.758227401	253.116775464	227.758227401	253.116775464	227.758227401
random-10	R	28	325.998757806	231.928263439	325.998757806	231.928263439	325.998757806	231.928263439
random-10	R	29	398.880740149	236.098299476	398.880740149	236.098299476	398.880740149	236.098299476
random-11	R	0	255.80627553	-3.954001704	255.80627553	-3.954001704	255.80627553	-3.954001704
random-11	R	1	279.141883896	11.899444705	279.141883896	11.899444705	279.141883896	11.899444705
random-11	R	2	307.144613935	30.923580396	307.144613935	30.923580396	307.144613935	30.923580396
random-11	R	3	330.480222301	46.777026806	330.480222301	46.777026806	330.480222301	46.777026806
random-11	R	4	363.150074014	68.971851779	363.150074014	68.971851779	363.150074014	68.971851779
random-11	R	5	395.819925726	91.166676752	395.819925726	91.166676752	395.819925726	91.166676752
random-11	R	6	404.9442856	160.114361318	404.9442856	160.114361318	404.9442856	160.114361318
random-11	R	7	363.103639904	135.377560995	363.103639904	135.377560995	363.103639904	135.377560995
random-11	R	8	321.262994207	110.640760672	321.262994207	110.640760672	321.262994207	110.640760672
random-11	R	9	291.37681871	92.971617584	291.37681871	92.971617584	291.37681871	92.971617584
random-11	R	10	255.513408113	71.768645879	255.513408113	71.768645879	255.513408113	71.768645879
random-11	R	11	225.627232615	54.099502791	225.627232615	54.099502791	225.627232615	54.099502791
random-11	R	12	187.903428972	126.66638341	187.903428972	126.66638341	187.903428972	126.66638341
random-11	R	13	225.977813384	146.605147346	225.977813384	146.605147346	225.977813384	146.605147346
random-11	R	14	271.667074678	170.531664069	271.667074678	170.531664069	271.667074678	170.531664069
random-11	R	15	309.741459089	190.470428005	309.741459089	190.470428005	309.741459089	190.470428005
random-11	R	16	363.045597266	218.384697515	363.045597266	218.384697515	363.045597266	218.384697515
random-11	R	17	416.349735442	246.298967026	416.349735442	246.298967026	416.349735442	246.298967026
random-11	R	18	430.036275252	349.720493875	430.036275252	349.720493875	430.036275252	349.720493875
random-11	R	19	362.9759461	317.99326134	362.9759461	317.99326134	362.9759461	317.99326134
random-11	R	20	295.915616948	286.266028805	295.915616948	286.266028805	295.915616948	286.266028805
random-11	R	21	248.015381839	263.603719851	248.015381839	263.603719851	248.015381839	263.603719851
random-11	R	22	190.535099709	236.408949107	190.535099709	236.408949107	190.535099709	236.408949107
random-11	R	23	142.6348646	213.746640154	142.6348646	213.746640154	142.6348646	213.746640154
random-11	R	24	104.911060956	286.313520773	104.911060956	286.313520773	104.911060956	286.313520773
random-11	R	25	160.999504979	311.245450574	160.999504979	311.245450574	160.999504979	311.245450574
random-11	R	26	228.305637807	341.163766336	228.305637807	341.163766336	228.305637807	341.163766336
random-11	R	27	284.39408183	366.095696138	284.39408183	366.095696138	284.39408183	366.095696138
random-11	R	28	362.917903462	401.00039786	362.917903462	401.00039786	362.917903462	401.00039786
random-11	R	29	441.441725094	435.905099582	441.441725094	435.905099582	441.441725094	435.905099582
random-12	R	0	69.374688789	34.971360229	69.374688789	34.971360229	69.374688789	34.971360229
random-12	R	1	121.749565927	59.282311394	121.749565927	59.282311394	121.749565927	59.282311394
random-12	R	2	184.599418492	88.455452793	184.599418492	88.455452793	184.599418492	88.455452793
random-12	R	3	236.97429563	112.766403958	236.97429563	112.766403958	236.97429563	112.766403958
random-12	R	4	310.299123623	146.80173559	310.299123623	146.80173559	310.299123623	146.80173559
random-12	R	5	383.623951616	180.837067221	383.623951616	180.837067221	383.623951616	180.837067221
random-12	R	6	382.258292791	194.790975591	382.258292791	194.790975591	382.258292791	194.790975591
random-12	R	7	309.933710106	164.743564746	309.933710106	164.743564746	309.933710106	164.743564746
random-12	R	8	237.60912742	134.6961539	237.60912742	134.6961539	237.60912742	134.6961539
random-12	R	9	185.948711216	113.233717582	185.948711216	113.233717582	185.948711216	113.233717582
random-12	R	10	123.956211771	87.478794001	123.956211771	87.478794001	123.956211771	87.478794001
random-12	R	11	72.295795567	66.016357683	72.295795567	66.016357683	72.295795567	66.016357683
random-12	R	12	75.94717904	104.8226045	75.94717904	104.8226045	75.94717904	104.8226045
random-12	R	13	126.714519077	122.724397259	126.714519077	122.724397259	126.714519077	122.724397259
random-12	R	14	187.635327121	144.20654857	187.635327121	144.20654857	187.635327121	144.20654857
random-12	R	15	238.402667158	162.108341328	238.402667158	162.108341328	238.402667158	162.108341328
random-12	R	16	309.47694321	187.170851191	309.47694321	187.170851191	309.47694321	187.170851191
random-12	R	17	380.551219261	212.233361053	380.551219261	212.233361053	380.551219261	212.233361053
random-12	R	18	378.502731025	233.164223607	378.502731025	233.164223607	378.502731025	233.164223607
random-12	R	19	308.928822935	214.083594925	308.928822935	214.083594925	308.928822935	214.083594925
random-12	R	20	239.354914844	195.002966242	239.354914844	195.002966242	239.354914844	195.002966242
random-12	R	21	189.659266208	181.373945754	189.659266208	181.373945754	189.659266208	181.373945754
random-12	R	22	130.024487844	165.019121169	130.024487844	165.019121169	130.024487844	165.019121169
random-12	R	23	80.328839208	151.390100682	80.328839208	151.390100682	80.328839208	151.390100682
random-12	R	24	83.980222681	190.196347499	83.980222681	190.196347499	83.980222681	190.196347499
random-12	R	25	132.78279515	200.264724428	132.78279515	200.264724428	132.78279515	200.264724428
random-12	R	26	191.345882113	212.346776742	191.345882113	212.346776742	191.345882113	212.346776742
random-12	R	27	240.148454582	222.41515367	240.148454582	222.41515367	240.148454582	222.41515367
random-12	R	28	308.472056038	236.51088137	308.472056038	236.51088137	308.472056038	236.51088137
random-12	R	29	376.795657495	250.60660907	376.795657495	250.60660907	376.795657495	250.60660907
random-13	R	0	154.651803192	-28.803786391	154.651803192	-28.803786391	154.651803192	-28.803786391
random-13	R	1	185.901288427	-19.054259256	185.901288427	-19.054259256	185.901288427	-19.054259256
random-13	R	2	223.40067071	-7.354826694	223.40067071	-7.354826694	223.40067071	-7.354826694
random-13	R	3	254.650155946	2.39470044	254.650155946	2.39470044	254.650155946	2.39470044
random-13	R	4	298.399435276	16.044038429	298.399435276	16.044038429	298.399435276	16.044038429
random-13	R	5	342.148714606	29.693376417	342.148714606	29.693376417	342.148714606	29.693376417
random-13	R	6	367.091875404	79.694453696	367.091875404	79.694453696	367.091875404	79.694453696
random-13	R	7	314.884691358	67.917482347	314.884691358	67.917482347	314.884691358	67.917482347
random-13	R	8	262.677507312	56.140510998	262.677507312	56.140510998	262.677507312	56.140510998
random-13	R	9	225.386661565	47.728388606	225.386661565	47.728388606	225.386661565	47.728388606
random-13	R	10	180.637646669	37.633841735	180.637646669	37.633841735	180.637646669	37.633841735
random-13	R	11	143.346800921	29.221719343	143.346800921	29.221719343	143.346800921	29.221719343
random-13	R	12	129.215548084	101.753601509	129.215548084	101.753601509	129.215548084	101.753601509
random-13	R	13	174.05809447	108.493967974	174.05809447	108.493967974	174.05809447	108.493967974
random-13	R	14	227.869150133	116.582407731	227.869150133	116.582407731	227.869150133	116.582407731
random-13	R	15	272.71169652	123.322774195	272.71169652	123.322774195	272.71169652	123.322774195
random-13	R	16	335.49126146	132.759287245	335.49126146	132.759287245	335.49126146	132.759287245
random-13	R	17	398.270826401	142.195800295	398.270826401	142.195800295	398.270826401	142.195800295
random-13	R	18	435.685567597	217.197416213	435.685567597	217.197416213	435.685567597	217.197416213
random-13	R	19	360.219145583	210.569453122	360.219145583	210.569453122	360.219145583	210.569453122
random-13	R	20	284.752723568	203.941490031	284.752723568	203.941490031	284.752723568	203.941490031
random-13	R	21	230.848136415	199.207230681	230.848136415	199.207230681	230.848136415	199.207230681
random-13	R	22	166.162631831	193.52611946	166.162631831	193.52611946	166.162631831	193.52611946
random-13	R	23	112.258044678	188.791860109	112.258044678	188.791860109	112.258044678	188.791860109
random-13	R	24	98.12679184	261.323742276	98.12679184	261.323742276	98.12679184	261.323742276
random-13	R	25	159.583079633	264.386245699	159.583079633	264.386245699	159.583079633	264.386245699
random-13	R	26	233.330624983	268.061249806	233.330624983	268.061249806	233.330624983	268.061249806
random-13	R	27	294.786912776	271.123753228	294.786912776	271.123753228	294.786912776	271.123753228
random-13	R	28	380.825715685	275.41125802	380.825715685	275.41125802	380.825715685	275.41125802
random-13	R	29	466.864518595	279.698762812	466.864518595	279.698762812	466.864518595	279.698762812
random-14	R	0	37.454456903	62.384998735	37.454456903	62.384998735	37.454456903	62.384998735
random-14	R	1	81.393720093	75.884561674	81.393720093	75.884561674	81.393720093	75.884561674
random-14	R	2	134.12083592	92.084037202	134.12083592	92.084037202	134.12083592	92.084037202
random-14	R	3	178.060099109	105.583600142	178.060099109	105.583600142	178.060099109	105.583600142
random-14	R	4	239.575067574	124.482988257	239.575067574	124.482988257	239.575067574	124.482988257
random-14	R	5	301.090036039	143.382376372	301.090036039	143.382376372	301.090036039	143.382376372
random-14	R	6	324.573127912	149.751742692	324.573127912	149.751742692	324.573127912	149.751742692
random-14	R	7	265.872650679	151.81804235	265.872650679	151.81804235	265.872650679	151.81804235
random-14	R	8	207.172173446	153.884342008	207.172173446	153.884342008	207.172173446	153.884342008
random-14	R	9	165.243261136	155.360270336	165.243261136	155.360270336	165.243261136	155.360270336
random-14	R	10	114.928566365	157.131384328	114.928566365	157.131384328	114.928566365	157.131384328
random-14	R	11	72.999654056	158.607312656	72.999654056	158.607312656	72.999654056	158.607312656
random-14	R	12	117.431150497	278.885205057	117.431150497	278.885205057	117.431150497	278.885205057
random-14	R	13	156.847124206	258.689912646	156.847124206	258.689912646	156.847124206	258.689912646
random-14	R	14	204.146292657	234.455561753	204.146292657	234.455561753	204.146292657	234.455561753
random-14	R	15	243.562266367	214.260269342	243.562266367	214.260269342	243.562266367	214.260269342
random-14	R	16	298.74462956	185.986859967	298.74462956	185.986859967	298.74462956	185.986859967
random-14	R	17	353.926992753	157.713450592	353.926992753	157.713450592	353.926992753	157.713450592
random-14	R	18	389.151630562	167.267500071	389.151630562	167.267500071	389.151630562	167.267500071
random-14	R	19	338.191004217	226.989441106	338.191004217	226.989441106	338.191004217	226.989441106
random-14	R	20	287.230377872	286.711382142	287.230377872	286.711382142	287.230377872	286.711382142
random-14	R	21	250.829930483	329.369911453	250.829930483	329.369911453	250.829930483	329.369911453
random-14	R	22	207.149393615	380.560146627	207.149393615	380.560146627	207.149393615	380.560146627
random-14	R	23	170.748946226	423.218675938	170.748946226	423.218675938	170.748946226	423.218675938
random-14	R	24	215.180442667	543.496568339	215.180442667	543.496568339	215.180442667	543.496568339
random-14	R	25	249.067951456	482.118674944	249.067951456	482.118674944	249.067951456	482.118674944
random-14	R	26	289.732962004	408.46520287	289.732962004	408.46520287	289.732962004	408.46520287
random-14	R	27	323.620470793	347.087309476	323.620470793	347.087309476	323.620470793	347.087309476
random-14	R	28	371.062983098	261.158258723	371.062983098	261.158258723	371.062983098	261.158258723
random-14	R	29	418.505495404	175.22920797	418.505495404	175.22920797	418.505495404	175.22920797
random-15	R	0	29.664111754	169.531211325	29.664111754	169.531211325	29.664111754	169.531211325
random-15	R	1	84.076895455	161.319776306	84.076895455	161.319776306	84.076895455	161.319776306
random-15	R	2	149.372235895	151.466054283	149.372235895	151.466054283	149.372235895	151.466054283
random-15	R	3	203.785019596	143.254619265	203.785019596	143.254619265	203.785019596	143.254619265
random-15	R	4	279.962916776	131.758610238	279.962916776	131.758610238	279.962916776	131.758610238
random-15	R	5	356.140813957	120.262601212	356.140813957	120.262601212	356.140813957	120.262601212
random-15	R	6	365.55972844	136.503719995	365.55972844	136.503719995	365.55972844	136.503719995
random-15	R	7	298.311057218	150.744213668	298.311057218	150.744213668	298.311057218	150.744213668
random-15	R	8	231.062385997	164.984707341	231.062385997	164.984707341	231.062385997	164.984707341
random-15	R	9	183.027620838	175.156488536	183.027620838	175.156488536	183.027620838	175.156488536
random-15	R	10	125.385902649	187.36262597	125.385902649	187.36262597	125.385902649	187.36262597
random-15	R	11	77.35113749	197.534407165	77.35113749	197.534407165	77.35113749	197.534407165
random-15	R	12	136.95991966	232.538401964	136.95991966	232.538401964	136.95991966	232.538401964
random-15	R	13	177.022161641	219.916188049	177.022161641	219.916188049	177.022161641	219.916188049
random-15	R	14	225.096852017	204.769531351	225.096852017	204.769531351	225.096852017	204.769531351
random-15	R	15	265.159093998	192.147317436	265.159093998	192.147317436	265.159093998	192.147317436
random-15	R	16	321.246232771	174.476217955	321.246232771	174.476217955	321.246232771	174.476217955
random-15	R	17	377.333371544	156.805118474	377.333371544	156.805118474	377.333371544	156.805118474
random-15	R	18	391.461743268	181.166796649	391.461743268	181.166796649	391.461743268	181.166796649
random-15	R	19	348.768443434	202.9546231	348.768443434	202.9546231	348.768443434	202.9546231
random-15	R	20	306.0751436	224.742449551	306.0751436	224.742449551	306.0751436	224.742449551
random-15	R	21	275.579929432	240.30518273	275.579929432	240.30518273	275.579929432	240.30518273
random-15	R	22	238.985672431	258.980462545	238.985672431	258.980462545	238.985672431	258.980462545
random-15	R	23	208.490458264	274.543195724	208.490458264	274.543195724	208.490458264	274.543195724
random-15	R	24	268.099240434	309.547190523	268.099240434	309.547190523	268.099240434	309.547190523
random-15	R	25	290.621931424	291.534024624	290.621931424	291.534024624	290.621931424	291.534024624
random-15	R	26	317.649160611	269.918225545	317.649160611	269.918225545	317.649160611	269.918225545
random-15	R	27	340.171851601	251.905059646	340.171851601	251.905059646	340.171851601	251.905059646
random-15	R	28	371.703618986	226.686627387	371.703618986	226.686627387	371.703618986	226.686627387
random-15	R	29	403.235386372	201.468195129	403.235386372	201.468195129	403.235386372	201.468195129
random-wild-00	R	0	266.195078961	-1781.485020747	266.195078961	-1781.485020747	266.195078961	-1781.485020747
random-wild-00	R	1	247.717241367	-1465.12236435	247.717241367	-1465.12236435	247.717241367	-1465.12236435
random-wild-00	R	2	225.543836254	-1085.487176674	225.543836254	-1085.487176674	225.543836254	-1085.487176674
random-wild-00	R	3	207.065998659	-769.124520278	207.065998659	-769.124520278	207.065998659	-769.124520278
random-wild-00	R	4	181.197026027	-326.216801322	181.197026027	-326.216801322	181.197026027	-326.216801322
random-wild-00	R	5	155.328053395	116.690917633	155.328053395	116.690917633	155.328053395	116.690917633
random-wild-00	R	6	116.909848441	108.248834044	116.909848441	108.248834044	116.909848441	108.248834044
random-wild-00	R	7	169.032228804	-192.933001046	169.032228804	-192.933001046	169.032228804	-192.933001046
random-wild-00	R	8	221.154609167	-494.114836137	221.154609167	-494.114836137	221.154609167	-494.114836137
random-wild-00	R	9	258.384880855	-709.244718344	258.384880855	-709.244718344	258.384880855	-709.244718344
random-wild-00	R	10	303.061206881	-967.400576993	303.061206881	-967.400576993	303.061206881	-967.400576993
random-wild-00	R	11	340.291478568	-1182.530459201	340.291478568	-1182.530459201	340.291478568	-1182.530459201
random-wild-00	R	12	432.911978077	-433.837257268	432.911978077	-433.837257268	432.911978077	-433.837257268
random-wild-00	R	13	372.241163773	-345.248342797	372.241163773	-345.248342797	372.241163773	-345.248342797
random-wild-00	R	14	299.436186607	-238.941645432	299.436186607	-238.941645432	299.436186607	-238.941645432
random-wild-00	R	15	238.765372302	-150.352730961	238.765372302	-150.352730961	238.765372302	-150.352730961
random-wild-00	R	16	153.826232276	-26.328250701	153.826232276	-26.328250701	153.826232276	-26.328250701
random-wild-00	R	17	68.887092249	97.696229558	68.887092249	97.696229558	68.887092249	97.696229558
random-wild-00	R	18	11.259784818	85.033104174	11.259784818	85.033104174	11.259784818	85.033104174
random-wild-00	R	19	135.579036441	173.597449712	135.579036441	173.597449712	135.579036441	173.597449712
random-wild-00	R	20	259.898288064	262.16179525	259.898288064	262.16179525	259.898288064	262.16179525
random-wild-00	R	21	348.697753509	325.422042063	348.697753509	325.422042063	348.697753509	325.422042063
random-wild-00	R	22	455.257112043	401.334338238	455.257112043	401.334338238	455.257112043	401.334338238
random-wild-00	R	23	544.056577488	464.594585051	544.056577488	464.594585051	544.056577488	464.594585051
random-wild-00	R	24	636.677076997	1213.287786984	636.677076997	1213.287786984	636.677076997	1213.287786984
random-wild-00	R	25	524.437068935	1023.486572435	524.437068935	1023.486572435	524.437068935	1023.486572435
random-wild-00	R	26	389.749059261	795.725114975	389.749059261	795.725114975	389.749059261	795.725114975
random-wild-00	R	27	277.509051199	605.923900426	277.509051199	605.923900426	277.509051199	605.923900426
random-wild-00	R	28	120.373039912	340.202200057	120.373039912	340.202200057	120.373039912	340.202200057
random-wild-00	R	29	-36.762971375	74.480499688	-36.762971375	74.480499688	-36.762971375	74.480499688
random-wild-01	R	0	55.749800803	39.438054657	55.749800803	39.438054657	55.749800803	39.438054657
random-wild-01	R	1	77.09961472	22.962138915	77.09961472	22.962138915	77.09961472	22.962138915
random-wild-01	R	2	102.719391421	3.191040023	102.719391421	3.191040023	102.719391421	3.191040023
random-wild-01	R	3	124.069205339	-13.284875719	124.069205339	-13.284875719	124.069205339	-13.284875719
random-wild-01	R	4	153.958944823	-36.351157759	153.958944823	-36.351157759	153.958944823	-36.351157759
random-wild-01	R	5	183.848684308	-59.417439799	183.848684308	-59.417439799	183.848684308	-59.417439799
random-wild-01	R	6	218.677105602	-96.851824293	218.677105602	-96.851824293	218.677105602	-96.851824293
random-wild-01	R	7	184.121792576	-66.835311073	184.121792576	-66.835311073	184.121792576	-66.835311073
random-wild-01	R	8	149.566479551	-36.818797853	149.566479551	-36.818797853	149.566479551	-36.818797853
random-wild-01	R	9	124.884113103	-15.378431268	124.884113103	-15.378431268	124.884113103	-15.378431268
random-wild-01	R	10	95.265273367	10.350008635	95.265273367	10.350008635	95.265273367	10.350008635
random-wild-01	R	11	70.58290692	31.79037522	70.58290692	31.79037522	70.58290692	31.79037522
random-wild-01	R	12	89.124289567	22.230775924	89.124289567	22.230775924	89.124289567	22.230775924
random-wild-01	R	13	117.972346676	-5.415154215	117.972346676	-5.415154215	117.972346676	-5.415154215
random-wild-01	R	14	152.590015206	-38.590270382	152.590015206	-38.590270382	152.590015206	-38.590270382
random-wild-01	R	15	181.438072315	-66.236200521	181.438072315	-66.236200521	181.438072315	-66.236200521
random-wild-01	R	16	221.825352268	-104.940502716	221.825352268	-104.940502716	221.825352268	-104.940502716
random-wild-01	R	17	262.212632221	-143.644804911	262.212632221	-143.644804911	262.212632221	-143.644804911
random-wild-01	R	18	314.455264163	-199.796381653	314.455264163	-199.796381653	314.455264163	-199.796381653
random-wild-01	R	19	267.069623898	-150.666732688	267.069623898	-150.666732688	267.069623898	-150.666732688
random-wild-01	R	20	219.683983633	-101.537083723	219.683983633	-101.537083723	219.683983633	-101.537083723
random-wild-01	R	21	185.83709773	-66.444477319	185.83709773	-66.444477319	185.83709773	-66.444477319
random-wild-01	R	22	145.220834646	-24.333349635	145.220834646	-24.333349635	145.220834646	-24.333349635
random-wild-01	R	23	111.373948743	10.759256769	111.373948743	10.759256769	111.373948743	10.759256769
random-wild-01	R	24	129.915331389	1.199657472	129.915331389	1.199657472	129.915331389	1.199657472
random-wild-01	R	25	167.927907954	-40.098512485	167.927907954	-40.098512485	167.927907954	-40.098512485
random-wild-01	R	26	213.542999833	-89.656316433	213.542999833	-89.656316433	213.542999833	-89.656316433
random-wild-01	R	27	251.555576398	-130.95448639	251.555576398	-130.95448639	251.555576398	-130.95448639
random-wild-01	R	28	304.77318359	-188.771924331	304.77318359	-188.771924331	304.77318359	-188.771924331
random-wild-01	R	29	357.990790781	-246.589362271	357.990790781	-246.589362271	357.990790781	-246.589362271
random-wild-02	R	0	542.186303912	85.482255625	542.186303912	85.482255625	542.186303912	85.482255625
random-wild-02	R	1	502.266759071	96.409985292	502.266759071	96.409985292	502.266759071	96.409985292
random-wild-02	R	2	454.363305261	109.523260893	454.363305261	109.523260893	454.363305261	109.523260893
random-wild-02	R	3	414.44376042	120.45099056	414.44376042	120.45099056	414.44376042	120.45099056
random-wild-02	R	4	358.556397643	135.749812093	358.556397643	135.749812093	358.556397643	135.749812093
random-wild-02	R	5	302.669034865	151.048633627	302.669034865	151.048633627	302.669034865	151.048633627
random-wild-02	R	6	281.813195501	210.580998674	281.813195501	210.580998674	281.813195501	210.580998674
random-wild-02	R	7	313.24074722	196.488086689	313.24074722	196.488086689	313.24074722	196.488086689
random-wild-02	R	8	344.66829894	182.395174703	344.66829894	182.395174703	344.66829894	182.395174703
random-wild-02	R	9	367.116550168	172.328808999	367.116550168	172.328808999	367.116550168	172.328808999
random-wild-02	R	10	394.054451642	160.249170154	394.054451642	160.249170154	394.054451642	160.249170154
random-wild-02	R	11	416.50270287	150.18280445	416.50270287	150.18280445	416.50270287	150.18280445
random-wild-02	R	12	259.398201567	231.058490481	259.398201567	231.058490481	259.398201567	231.058490481
random-wild-02	R	13	258.789067355	240.048151231	258.789067355	240.048151231	258.789067355	240.048151231
random-wild-02	R	14	258.058106301	250.835744132	258.058106301	250.835744132	258.058106301	250.835744132
random-wild-02	R	15	257.448972089	259.825404882	257.448972089	259.825404882	257.448972089	259.825404882
random-wild-02	R	16	256.596184192	272.410929933	256.596184192	272.410929933	256.596184192	272.410929933
random-wild-02	R	17	255.743396296	284.996454983	255.743396296	284.996454983	255.743396296	284.996454983
random-wild-02	R	18	224.45963725	374.295002554	224.45963725	374.295002554	224.45963725	374.295002554
random-wild-02	R	19	188.622708559	363.518341826	188.622708559	363.518341826	188.622708559	363.518341826
random-wild-02	R	20	152.785779868	352.741681097	152.785779868	352.741681097	152.785779868	352.741681097
random-wild-02	R	21	127.18797366	345.044066291	127.18797366	345.044066291	127.18797366	345.044066291
random-wild-02	R	22	96.470606211	335.806928524	96.470606211	335.806928524	96.470606211	335.806928524
random-wild-02	R	23	70.872800003	328.109313718	70.872800003	328.109313718	70.872800003	328.109313718
random-wild-02	R	24	-86.2317013	408.984999749	-86.2317013	408.984999749	-86.2317013	408.984999749
random-wild-02	R	25	-38.794778076	415.605909601	-38.794778076	415.605909601	-38.794778076	415.605909601
random-wild-02	R	26	18.129529793	423.551001424	18.129529793	423.551001424	18.129529793	423.551001424
random-wild-02	R	27	65.566453017	430.171911276	65.566453017	430.171911276	65.566453017	430.171911276
random-wild-02	R	28	131.978145531	439.44118507	131.978145531	439.44118507	131.978145531	439.44118507
random-wild-02	R	29	198.389838045	448.710458863	198.389838045	448.710458863	198.389838045	448.710458863
random-wild-03	R	0	-6979.034885996	9770.86835038	-6979.034885996	9770.86835038	-6979.034885996	9770.86835038
random-wild-03	R	1	-5341.205360849	7698.12972272	-5341.205360849	7698.12972272	-5341.205360849	7698.12972272
random-wild-03	R	2	-3375.809930674	5210.843369528	-3375.809930674	5210.843369528	-3375.809930674	5210.843369528
random-wild-03	R	3	-1737.980405528	3138.104741869	-1737.980405528	3138.104741869	-1737.980405528	3138.104741869
random-wild-03	R	4	554.980929677	236.270663145	554.980929677	236.270663145	554.980929677	236.270663145
random-wild-03	R	5	2847.942264882	-2665.563415578	2847.942264882	-2665.563415578	2847.942264882	-2665.563415578
random-wild-03	R	6	3010.673453363	-2871.200693106	3010.673453363	-2871.200693106	3010.673453363	-2871.200693106
random-wild-03	R	7	891.198657596	-209.247102725	891.198657596	-209.247102725	891.198657596	-209.247102725
random-wild-03	R	8	-1228.276138171	2452.706487656	-1228.276138171	2452.706487656	-1228.276138171	2452.706487656
random-wild-03	R	9	-2742.186706576	4354.101909357	-2742.186706576	4354.101909357	-2742.186706576	4354.101909357
random-wild-03	R	10	-4558.879388662	6635.776415398	-4558.879388662	6635.776415398	-4558.879388662	6635.776415398
random-wild-03	R	11	-6072.789957067	8537.171837099	-6072.789957067	8537.171837099	-6072.789957067	8537.171837099
random-wild-03	R	12	-4939.983795907	6995.051195499	-4939.983795907	6995.051195499	-4939.983795907	6995.051195499
random-wild-03	R	13	-3580.971923429	5307.834781247	-3580.971923429	5307.834781247	-3580.971923429	5307.834781247
random-wild-03	R	14	-1950.157676454	3283.175084144	-1950.157676454	3283.175084144	-1950.157676454	3283.175084144
random-wild-03	R	15	-591.145803976	1595.958669891	-591.145803976	1595.958669891	-591.145803976	1595.958669891
random-wild-03	R	16	1311.470817494	-766.144310062	1311.470817494	-766.144310062	1311.470817494	-766.144310062
random-wild-03	R	17	3214.087438964	-3128.247290016	3214.087438964	-3128.247290016	3214.087438964	-3128.247290016
random-wild-03	R	18	3458.184221686	-3436.703206307	3458.184221686	-3436.703206307	3458.184221686	-3436.703206307
random-wild-03	R	19	1815.797409372	-1434.420958867	1815.797409372	-1434.420958867	1815.797409372	-1434.420958867
random-wild-03	R	20	173.410597059	567.861288573	173.410597059	567.861288573	173.410597059	567.861288573
random-wild-03	R	21	-999.722840308	1998.062893887	-999.722840308	1998.062893887	-999.722840308	1998.062893887
random-wild-03	R	22	-2407.482965148	3714.304820265	-2407.482965148	3714.304820265	-2407.482965148	3714.304820265
random-wild-03	R	23	-3580.616402515	5144.506425579	-3580.616402515	5144.506425579	-3580.616402515	5144.506425579
random-wild-03	R	24	-2447.810241354	3602.385783979	-2447.810241354	3602.385783979	-2447.810241354	3602.385783979
random-wild-03	R	25	-1429.575499914	2386.363186113	-1429.575499914	2386.363186113	-1429.575499914	2386.363186113
random-wild-03	R	26	-207.693810186	927.136068674	-207.693810186	927.136068674	-207.693810186	927.136068674
random-wild-03	R	27	810.540931254	-288.886529192	810.540931254	-288.886529192	810.540931254	-288.886529192
random-wild-03	R	28	2236.069569271	-1991.318166205	2236.069569271	-1991.318166205	2236.069569271	-1991.318166205
random-wild-03	R	29	3661.598207287	-3693.749803217	3661.598207287	-3693.749803217	3661.598207287	-3693.749803217
FDP.gridAt('fx', 250, 150, 1.5, 0.6)	S	0	250	150	250	150	250	150
FDP.gridAt('fx', 250, 150, 1.5, 0.6)	S	1	325	150	325	150	325	150
FDP.gridAt('fx', 250, 150, 1.5, 0.6)	S	2	415	150	415	150	415	150
FDP.gridAt('fx', 250, 150, 1.5, 0.6)	S	3	490	150	490	150	490	150
FDP.gridAt('fx', 250, 150, 1.5, 0.6)	S	4	595	150	595	150	595	150
FDP.gridAt('fx', 250, 150, 1.5, 0.6)	S	5	700	150	700	150	700	150
FDP.gridAt('fx', 250, 150, 1.5, 0.6)	S	6	700	174	700	174	700	174
FDP.gridAt('fx', 250, 150, 1.5, 0.6)	S	7	595	174	595	174	595	174
FDP.gridAt('fx', 250, 150, 1.5, 0.6)	S	8	490	174	490	174	490	174
FDP.gridAt('fx', 250, 150, 1.5, 0.6)	S	9	415	174	415	174	415	174
FDP.gridAt('fx', 250, 150, 1.5, 0.6)	S	10	325	174	325	174	325	174
FDP.gridAt('fx', 250, 150, 1.5, 0.6)	S	11	250	174	250	174	250	174
FDP.gridAt('fx', 250, 150, 1.5, 0.6)	S	12	250	204	250	204	250	204
FDP.gridAt('fx', 250, 150, 1.5, 0.6)	S	13	325	204	325	204	325	204
FDP.gridAt('fx', 250, 150, 1.5, 0.6)	S	14	415	204	415	204	415	204
FDP.gridAt('fx', 250, 150, 1.5, 0.6)	S	15	490	204	490	204	490	204
FDP.gridAt('fx', 250, 150, 1.5, 0.6)	S	16	595	204	595	204	595	204
FDP.gridAt('fx', 250, 150, 1.5, 0.6)	S	17	700	204	700	204	700	204
FDP.gridAt('fx', 250, 150, 1.5, 0.6)	S	18	700	240	700	240	700	240
FDP.gridAt('fx', 250, 150, 1.5, 0.6)	S	19	595	240	595	240	595	240
FDP.gridAt('fx', 250, 150, 1.5, 0.6)	S	20	490	240	490	240	490	240
FDP.gridAt('fx', 250, 150, 1.5, 0.6)	S	21	415	240	415	240	415	240
FDP.gridAt('fx', 250, 150, 1.5, 0.6)	S	22	325	240	325	240	325	240
FDP.gridAt('fx', 250, 150, 1.5, 0.6)	S	23	250	240	250	240	250	240
FDP.gridAt('fx', 250, 150, 1.5, 0.6)	S	24	250	270	250	270	250	270
FDP.gridAt('fx', 250, 150, 1.5, 0.6)	S	25	325	270	325	270	325	270
FDP.gridAt('fx', 250, 150, 1.5, 0.6)	S	26	415	270	415	270	415	270
FDP.gridAt('fx', 250, 150, 1.5, 0.6)	S	27	490	270	490	270	490	270
FDP.gridAt('fx', 250, 150, 1.5, 0.6)	S	28	595	270	595	270	595	270
FDP.gridAt('fx', 250, 150, 1.5, 0.6)	S	29	700	270	700	270	700	270
wide-convex-identity	R	0	223.597222222	157.472222222	223.597222222	157.472222222	223.597222222	157.472222222
wide-convex-identity	R	1	305.576388889	153.513888889	305.576388889	153.513888889	305.576388889	153.513888889
wide-convex-identity	R	2	403.951388889	148.763888889	403.951388889	148.763888889	403.951388889	148.763888889
wide-convex-identity	R	3	485.930555556	144.805555556	485.930555556	144.805555556	485.930555556	144.805555556
wide-convex-identity	R	4	600.701388889	139.263888889	600.701388889	139.263888889	600.701388889	139.263888889
wide-convex-identity	R	5	715.472222222	133.722222222	715.472222222	133.722222222	715.472222222	133.722222222
wide-convex-identity	R	6	709.605555556	163.655555556	709.605555556	163.655555556	709.605555556	163.655555556
wide-convex-identity	R	7	597.634722222	166.747222222	597.634722222	166.747222222	597.634722222	166.747222222
wide-convex-identity	R	8	485.663888889	169.838888889	485.663888889	169.838888889	485.663888889	169.838888889
wide-convex-identity	R	9	405.684722222	172.047222222	405.684722222	172.047222222	405.684722222	172.047222222
wide-convex-identity	R	10	309.709722222	174.697222222	309.709722222	174.697222222	309.709722222	174.697222222
wide-convex-identity	R	11	229.730555556	176.905555556	229.730555556	176.905555556	229.730555556	176.905555556
wide-convex-identity	R	12	237.397222222	201.197222222	237.397222222	201.197222222	237.397222222	201.197222222
wide-convex-identity	R	13	314.876388889	201.176388889	314.876388889	201.176388889	314.876388889	201.176388889
wide-convex-identity	R	14	407.851388889	201.151388889	407.851388889	201.151388889	407.851388889	201.151388889
wide-convex-identity	R	15	485.330555556	201.130555556	485.330555556	201.130555556	485.330555556	201.130555556
wide-convex-identity	R	16	593.801388889	201.101388889	593.801388889	201.101388889	593.801388889	201.101388889
wide-convex-identity	R	17	702.272222222	201.072222222	702.272222222	201.072222222	702.272222222	201.072222222
wide-convex-identity	R	18	693.472222222	245.972222222	693.472222222	245.972222222	693.472222222	245.972222222
wide-convex-identity	R	19	589.201388889	242.326388889	589.201388889	242.326388889	589.201388889	242.326388889
wide-convex-identity	R	20	484.930555556	238.680555556	484.930555556	238.680555556	484.930555556	238.680555556
wide-convex-identity	R	21	410.451388889	236.076388889	410.451388889	236.076388889	410.451388889	236.076388889
wide-convex-identity	R	22	321.076388889	232.951388889	321.076388889	232.951388889	321.076388889	232.951388889
wide-convex-identity	R	23	246.597222222	230.347222222	246.597222222	230.347222222	246.597222222	230.347222222
wide-convex-identity	R	24	254.263888889	254.638888889	254.263888889	254.638888889	254.263888889	254.638888889
wide-convex-identity	R	25	326.243055556	259.430555556	326.243055556	259.430555556	326.243055556	259.430555556
wide-convex-identity	R	26	412.618055556	265.180555556	412.618055556	265.180555556	412.618055556	265.180555556
wide-convex-identity	R	27	484.597222222	269.972222222	484.597222222	269.972222222	484.597222222	269.972222222
wide-convex-identity	R	28	585.368055556	276.680555556	585.368055556	276.680555556	585.368055556	276.680555556
wide-convex-identity	R	29	686.138888889	283.388888889	686.138888889	283.388888889	686.138888889	283.388888889
wide-convex-general	R	0	185.027777778	143.444444444	185.027777778	143.444444444	185.027777778	143.444444444
wide-convex-general	R	1	266.914351852	148.178240741	266.914351852	148.178240741	266.914351852	148.178240741
wide-convex-general	R	2	365.178240741	153.858796296	365.178240741	153.858796296	365.178240741	153.858796296
wide-convex-general	R	3	447.064814815	158.592592593	447.064814815	158.592592593	447.064814815	158.592592593
wide-convex-general	R	4	561.706018519	165.219907407	561.706018519	165.219907407	561.706018519	165.219907407
wide-convex-general	R	5	676.347222222	171.847222222	676.347222222	171.847222222	676.347222222	171.847222222
wide-convex-general	R	6	688.502777778	192.202777778	688.502777778	192.202777778	688.502777778	192.202777778
wide-convex-general	R	7	576.118425926	188.061759259	576.118425926	188.061759259	576.118425926	188.061759259
wide-convex-general	R	8	463.734074074	183.920740741	463.734074074	183.920740741	463.734074074	183.920740741
wide-convex-general	R	9	383.459537037	180.96287037	383.459537037	180.96287037	383.459537037	180.96287037
wide-convex-general	R	10	287.130092593	177.413425926	287.130092593	177.413425926	287.130092593	177.413425926
wide-convex-general	R	11	206.855555556	174.455555556	206.855555556	174.455555556	206.855555556	174.455555556
wide-convex-general	R	12	234.140277778	213.219444444	234.140277778	213.219444444	234.140277778	213.219444444
wide-convex-general	R	13	312.399768519	213.957407407	312.399768519	213.957407407	312.399768519	213.957407407
wide-convex-general	R	14	406.311157407	214.842962963	406.311157407	214.842962963	406.311157407	214.842962963
wide-convex-general	R	15	484.570648148	215.580925926	484.570648148	215.580925926	484.570648148	215.580925926
wide-convex-general	R	16	594.133935185	216.614074074	594.133935185	216.614074074	594.133935185	216.614074074
wide-convex-general	R	17	703.697222222	217.647222222	703.697222222	217.647222222	703.697222222	217.647222222
wide-convex-general	R	18	721.930555556	248.180555556	721.930555556	248.180555556	721.930555556	248.180555556
wide-convex-general	R	19	615.752546296	250.876851852	615.752546296	250.876851852	615.752546296	250.876851852
wide-convex-general	R	20	509.574537037	253.573148148	509.574537037	253.573148148	509.574537037	253.573148148
wide-convex-general	R	21	433.733101852	255.499074074	433.733101852	255.499074074	433.733101852	255.499074074
wide-convex-general	R	22	342.72337963	257.810185185	342.72337963	257.810185185	342.72337963	257.810185185
wide-convex-general	R	23	266.881944444	259.736111111	266.881944444	259.736111111	266.881944444	259.736111111
wide-convex-general	R	24	294.166666667	298.5	294.166666667	298.5	294.166666667	298.5
wide-convex-general	R	25	367.993055556	294.354166667	367.993055556	294.354166667	367.993055556	294.354166667
wide-convex-general	R	26	456.584722222	289.379166667	456.584722222	289.379166667	456.584722222	289.379166667
wide-convex-general	R	27	530.411111111	285.233333333	530.411111111	285.233333333	530.411111111	285.233333333
wide-convex-general	R	28	633.768055556	279.429166667	633.768055556	279.429166667	633.768055556	279.429166667
wide-convex-general	R	29	737.125	273.625	737.125	273.625	737.125	273.625
wide-grid-source-convex	R	0	175.928853755	146.785243742	175.928853755	146.785243742	175.928853755	146.785243742
wide-grid-source-convex	R	1	255.748792271	148.278436539	255.748792271	148.278436539	255.748792271	148.278436539
wide-grid-source-convex	R	2	351.532718489	150.070267896	351.532718489	150.070267896	351.532718489	150.070267896
wide-grid-source-convex	R	3	431.352657005	151.563460694	431.352657005	151.563460694	431.352657005	151.563460694
wide-grid-source-convex	R	4	543.100570927	153.65393061	543.100570927	153.65393061	543.100570927	153.65393061
wide-grid-source-convex	R	5	654.848484848	155.744400527	654.848484848	155.744400527	654.848484848	155.744400527
wide-grid-source-convex	R	6	673.293807642	182.200263505	673.293807642	182.200263505	673.293807642	182.200263505
wide-grid-source-convex	R	7	563.428546333	180.695125165	563.428546333	180.695125165	563.428546333	180.695125165
wide-grid-source-convex	R	8	453.563285024	179.189986825	453.563285024	179.189986825	453.563285024	179.189986825
wide-grid-source-convex	R	9	375.088098375	178.114888011	375.088098375	178.114888011	375.088098375	178.114888011
wide-grid-source-convex	R	10	280.917874396	176.824769433	280.917874396	176.824769433	280.917874396	176.824769433
wide-grid-source-convex	R	11	202.442687747	175.749670619	202.442687747	175.749670619	202.442687747	175.749670619
wide-grid-source-convex	R	12	235.584980237	211.955204216	235.584980237	211.955204216	235.584980237	211.955204216
wide-grid-source-convex	R	13	312.379227053	212.507685551	312.379227053	212.507685551	312.379227053	212.507685551
wide-grid-source-convex	R	14	404.532323232	213.170663153	404.532323232	213.170663153	404.532323232	213.170663153
wide-grid-source-convex	R	15	481.326570048	213.723144488	481.326570048	213.723144488	481.326570048	213.723144488
wide-grid-source-convex	R	16	588.838515591	214.496618357	588.838515591	214.496618357	588.838515591	214.496618357
wide-grid-source-convex	R	17	696.350461133	215.270092227	696.350461133	215.270092227	696.350461133	215.270092227
wide-grid-source-convex	R	18	724.018445323	254.953886693	724.018445323	254.953886693	724.018445323	254.953886693
wide-grid-source-convex	R	19	619.3304787	255.058410189	619.3304787	255.058410189	619.3304787	255.058410189
wide-grid-source-convex	R	20	514.642512077	255.162933685	514.642512077	255.162933685	514.642512077	255.162933685
wide-grid-source-convex	R	21	439.865393061	255.237593325	439.865393061	255.237593325	439.865393061	255.237593325
wide-grid-source-convex	R	22	350.132850242	255.327184892	350.132850242	255.327184892	350.132850242	255.327184892
wide-grid-source-convex	R	23	275.355731225	255.401844532	275.355731225	255.401844532	275.355731225	255.401844532
wide-grid-source-convex	R	24	308.498023715	291.607378129	308.498023715	291.607378129	308.498023715	291.607378129
wide-grid-source-convex	R	25	381.594202899	291.01010101	381.594202899	291.01010101	381.594202899	291.01010101
wide-grid-source-convex	R	26	469.309617918	290.293368467	469.309617918	290.293368467	469.309617918	290.293368467
wide-grid-source-convex	R	27	542.405797101	289.696091348	542.405797101	289.696091348	542.405797101	289.696091348
wide-grid-source-convex	R	28	644.740447958	288.859903382	644.740447958	288.859903382	644.740447958	288.859903382
wide-grid-source-convex	R	29	747.075098814	288.023715415	747.075098814	288.023715415	747.075098814	288.023715415
wide-random-00	R	0	371.716983958	80.081704807	371.716983958	80.081704807	371.716983958	80.081704807
wide-random-00	R	1	427.851111232	59.982302003	427.851111232	59.982302003	427.851111232	59.982302003
wide-random-00	R	2	495.21206396	35.863018637	495.21206396	35.863018637	495.21206396	35.863018637
wide-random-00	R	3	551.346191234	15.763615832	551.346191234	15.763615832	551.346191234	15.763615832
wide-random-00	R	4	629.933969417	-12.375548094	629.933969417	-12.375548094	629.933969417	-12.375548094
wide-random-00	R	5	708.521747601	-40.514712021	708.521747601	-40.514712021	708.521747601	-40.514712021
wide-random-00	R	6	716.575841058	29.273873873	716.575841058	29.273873873	716.575841058	29.273873873
wide-random-00	R	7	635.448693349	47.26582713	635.448693349	47.26582713	635.448693349	47.26582713
wide-random-00	R	8	554.32154564	65.257780387	554.32154564	65.257780387	554.32154564	65.257780387
wide-random-00	R	9	496.37358299	78.109175571	496.37358299	78.109175571	496.37358299	78.109175571
wide-random-00	R	10	426.836027811	93.530849791	426.836027811	93.530849791	426.836027811	93.530849791
wide-random-00	R	11	368.888065161	106.382244974	368.888065161	106.382244974	368.888065161	106.382244974
wide-random-00	R	12	365.351916666	139.257920183	365.351916666	139.257920183	365.351916666	139.257920183
wide-random-00	R	13	425.567173535	135.466534526	425.567173535	135.466534526	425.567173535	135.466534526
wide-random-00	R	14	497.825481778	130.916871738	497.825481778	130.916871738	497.825481778	130.916871738
wide-random-00	R	15	558.040738647	127.125486081	558.040738647	127.125486081	558.040738647	127.125486081
wide-random-00	R	16	642.342098263	121.817546161	642.342098263	121.817546161	642.342098263	121.817546161
wide-random-00	R	17	726.64345788	116.509606242	726.64345788	116.509606242	726.64345788	116.509606242
wide-random-00	R	18	738.724598066	221.192485083	738.724598066	221.192485083	738.724598066	221.192485083
wide-random-00	R	19	650.61418416	211.279608998	650.61418416	211.279608998	650.61418416	211.279608998
wide-random-00	R	20	562.503770255	201.366732914	562.503770255	201.366732914	562.503770255	201.366732914
wide-random-00	R	21	499.567760323	194.286107139	499.567760323	194.286107139	499.567760323	194.286107139
wide-random-00	R	22	424.044548404	185.789356209	424.044548404	185.789356209	424.044548404	185.789356209
wide-random-00	R	23	361.108538471	178.708730434	361.108538471	178.708730434	361.108538471	178.708730434
wide-random-00	R	24	357.572389976	211.584405643	357.572389976	211.584405643	357.572389976	211.584405643
wide-random-00	R	25	422.775694128	227.725040944	422.775694128	227.725040944	422.775694128	227.725040944
wide-random-00	R	26	501.01965911	247.093803306	501.01965911	247.093803306	501.01965911	247.093803306
wide-random-00	R	27	566.222963262	263.234438607	566.222963262	263.234438607	566.222963262	263.234438607
wide-random-00	R	28	657.507589075	285.831328029	657.507589075	285.831328029	657.507589075	285.831328029
wide-random-00	R	29	748.792214887	308.428217451	748.792214887	308.428217451	748.792214887	308.428217451
wide-random-01	R	0	351.289216553	128.238507537	351.289216553	128.238507537	351.289216553	128.238507537
wide-random-01	R	1	399.460880394	105.655390329	399.460880394	105.655390329	399.460880394	105.655390329
wide-random-01	R	2	457.266877004	78.555649681	457.266877004	78.555649681	457.266877004	78.555649681
wide-random-01	R	3	505.438540846	55.972532473	505.438540846	55.972532473	505.438540846	55.972532473
wide-random-01	R	4	572.878870225	24.356168383	572.878870225	24.356168383	572.878870225	24.356168383
wide-random-01	R	5	640.319199603	-7.260195707	640.319199603	-7.260195707	640.319199603	-7.260195707
wide-random-01	R	6	647.377808741	53.39612655	647.377808741	53.39612655	647.377808741	53.39612655
wide-random-01	R	7	572.857379096	74.945950499	572.857379096	74.945950499	572.857379096	74.945950499
wide-random-01	R	8	498.336949451	96.495774448	498.336949451	96.495774448	498.336949451	96.495774448
wide-random-01	R	9	445.108071133	111.88850584	445.108071133	111.88850584	445.108071133	111.88850584
wide-random-01	R	10	381.233417151	130.35978351	381.233417151	130.35978351	381.233417151	130.35978351
wide-random-01	R	11	328.004538833	145.752514902	328.004538833	145.752514902	328.004538833	145.752514902
wide-random-01	R	12	298.898691684	167.64502411	298.898691684	167.64502411	298.898691684	167.64502411
wide-random-01	R	13	358.449088097	161.240274987	358.449088097	161.240274987	358.449088097	161.240274987
wide-random-01	R	14	429.909563793	153.554576039	429.909563793	153.554576039	429.909563793	153.554576039
wide-random-01	R	15	489.459960206	147.149826916	489.459960206	147.149826916	489.459960206	147.149826916
wide-random-01	R	16	572.830515185	138.183178144	572.830515185	138.183178144	572.830515185	138.183178144
wide-random-01	R	17	656.201070164	129.216529372	656.201070164	129.216529372	656.201070164	129.216529372
wide-random-01	R	18	666.788983871	220.201012758	666.788983871	220.201012758	666.788983871	220.201012758
wide-random-01	R	19	572.798278492	214.067851318	572.798278492	214.067851318	572.798278492	214.067851318
wide-random-01	R	20	478.807573113	207.934689878	478.807573113	207.934689878	478.807573113	207.934689878
wide-random-01	R	21	411.671354985	203.553860278	411.671354985	203.553860278	411.671354985	203.553860278
wide-random-01	R	22	331.107893232	198.296864758	331.107893232	198.296864758	331.107893232	198.296864758
wide-random-01	R	23	263.971675104	193.916035158	263.971675104	193.916035158	263.971675104	193.916035158
wide-random-01	R	24	234.865827955	215.808544366	234.865827955	215.808544366	234.865827955	215.808544366
wide-random-01	R	25	308.323564178	229.177356235	308.323564178	229.177356235	308.323564178	229.177356235
wide-random-01	R	26	396.472847646	245.219930477	396.472847646	245.219930477	396.472847646	245.219930477
wide-random-01	R	27	469.930583869	258.588742347	469.930583869	258.588742347	469.930583869	258.588742347
wide-random-01	R	28	572.771414581	277.305078963	572.771414581	277.305078963	572.771414581	277.305078963
wide-random-01	R	29	675.612245293	296.02141558	675.612245293	296.02141558	675.612245293	296.02141558
wide-random-02	R	0	262.8775991	192.339202515	262.8775991	192.339202515	262.8775991	192.339202515
wide-random-02	R	1	322.441969146	214.44685089	322.441969146	214.44685089	322.441969146	214.44685089
wide-random-02	R	2	393.919213201	240.976028939	393.919213201	240.976028939	393.919213201	240.976028939
wide-random-02	R	3	453.483583247	263.083677314	453.483583247	263.083677314	453.483583247	263.083677314
wide-random-02	R	4	536.873701312	294.034385039	536.873701312	294.034385039	536.873701312	294.034385039
wide-random-02	R	5	620.263819376	324.985092764	620.263819376	324.985092764	620.263819376	324.985092764
wide-random-02	R	6	588.564535359	363.227462779	588.564535359	363.227462779	588.564535359	363.227462779
wide-random-02	R	7	503.652520947	326.635246156	503.652520947	326.635246156	503.652520947	326.635246156
wide-random-02	R	8	418.740506534	290.043029533	418.740506534	290.043029533	418.740506534	290.043029533
wide-random-02	R	9	358.089067668	263.905731945	358.089067668	263.905731945	358.089067668	263.905731945
wide-random-02	R	10	285.307341029	232.540974839	285.307341029	232.540974839	285.307341029	232.540974839
wide-random-02	R	11	224.655902163	206.403677251	224.655902163	206.403677251	224.655902163	206.403677251
wide-random-02	R	12	176.878780992	223.984270671	176.878780992	223.984270671	176.878780992	223.984270671
wide-random-02	R	13	238.889055883	255.158629776	238.889055883	255.158629776	238.889055883	255.158629776
wide-random-02	R	14	313.301385752	292.567860701	313.301385752	292.567860701	313.301385752	292.567860701
wide-random-02	R	15	375.311660644	323.742219806	375.311660644	323.742219806	375.311660644	323.742219806
wide-random-02	R	16	462.126045491	367.386322552	462.126045491	367.386322552	462.126045491	367.386322552
wide-random-02	R	17	548.940430339	411.030425298	548.940430339	411.030425298	548.940430339	411.030425298
wide-random-02	R	18	501.391504313	468.393980322	501.391504313	468.393980322	501.391504313	468.393980322
wide-random-02	R	19	412.294274944	416.287614227	412.294274944	416.287614227	412.294274944	416.287614227
wide-random-02	R	20	323.197045574	364.181248133	323.197045574	364.181248133	323.197045574	364.181248133
wide-random-02	R	21	259.556167453	326.962415209	259.556167453	326.962415209	259.556167453	326.962415209
wide-random-02	R	22	183.187113708	282.2998157	183.187113708	282.2998157	183.187113708	282.2998157
wide-random-02	R	23	119.546235587	245.080982775	119.546235587	245.080982775	119.546235587	245.080982775
wide-random-02	R	24	71.769114416	262.661576195	71.769114416	262.661576195	71.769114416	262.661576195
wide-random-02	R	25	136.768828562	304.917470636	136.768828562	304.917470636	136.768828562	304.917470636
wide-random-02	R	26	214.768485537	355.624543965	214.768485537	355.624543965	214.768485537	355.624543965
wide-random-02	R	27	279.768199683	397.880438406	279.768199683	397.880438406	279.768199683	397.880438406
wide-random-02	R	28	370.767799488	457.038690624	370.767799488	457.038690624	370.767799488	457.038690624
wide-random-02	R	29	461.767399293	516.196942841	461.767399293	516.196942841	461.767399293	516.196942841
wide-random-03	R	0	104.741333255	102.837919873	104.741333255	102.837919873	104.741333255	102.837919873
wide-random-03	R	1	213.278278389	101.159821588	213.278278389	101.159821588	213.278278389	101.159821588
wide-random-03	R	2	343.52261255	99.146103646	343.52261255	99.146103646	343.52261255	99.146103646
wide-random-03	R	3	452.059557684	97.468005362	452.059557684	97.468005362	452.059557684	97.468005362
wide-random-03	R	4	604.011280872	95.118667763	604.011280872	95.118667763	604.011280872	95.118667763
wide-random-03	R	5	755.96300406	92.769330164	755.96300406	92.769330164	755.96300406	92.769330164
wide-random-03	R	6	756.710692725	103.478703466	756.710692725	103.478703466	756.710692725	103.478703466
wide-random-03	R	7	611.984011585	109.783265658	611.984011585	109.783265658	611.984011585	109.783265658
wide-random-03	R	8	467.257330445	116.08782785	467.257330445	116.08782785	467.257330445	116.08782785
wide-random-03	R	9	363.88112963	120.591086558	363.88112963	120.591086558	363.88112963	120.591086558
wide-random-03	R	10	239.829688653	125.994997008	239.829688653	125.994997008	239.829688653	125.994997008
wide-random-03	R	11	136.453487838	130.498255717	136.453487838	130.498255717	136.453487838	130.498255717
wide-random-03	R	12	176.093681067	165.073675522	176.093681067	165.073675522	176.093681067	165.073675522
wide-random-03	R	13	273.018951482	157.038966284	273.018951482	157.038966284	273.018951482	157.038966284
wide-random-03	R	14	389.32927598	147.397315198	389.32927598	147.397315198	389.32927598	147.397315198
wide-random-03	R	15	486.254546395	139.36260596	486.254546395	139.36260596	486.254546395	139.36260596
wide-random-03	R	16	621.949924976	128.114013026	621.949924976	128.114013026	621.949924976	128.114013026
wide-random-03	R	17	757.645303557	116.865420092	757.645303557	116.865420092	757.645303557	116.865420092
wide-random-03	R	18	758.766836556	132.929480045	758.766836556	132.929480045	758.766836556	132.929480045
wide-random-03	R	19	633.909021046	150.110909868	633.909021046	150.110909868	633.909021046	150.110909868
wide-random-03	R	20	509.051205536	167.292339692	509.051205536	167.292339692	509.051205536	167.292339692
wide-random-03	R	21	419.8670516	179.564789566	419.8670516	179.564789566	419.8670516	179.564789566
wide-random-03	R	22	312.846066877	194.291729415	312.846066877	194.291729415	312.846066877	194.291729415
wide-random-03	R	23	223.661912941	206.564179289	223.661912941	206.564179289	223.661912941	206.564179289
wide-random-03	R	24	263.30210617	241.139599094	263.30210617	241.139599094	263.30210617	241.139599094
wide-random-03	R	25	346.035329706	225.33569869	346.035329706	225.33569869	346.035329706	225.33569869
wide-random-03	R	26	445.31519795	206.371018206	445.31519795	206.371018206	445.31519795	206.371018206
wide-random-03	R	27	528.048421486	190.567117802	528.048421486	190.567117802	528.048421486	190.567117802
wide-random-03	R	28	643.874934437	168.441657237	643.874934437	168.441657237	643.874934437	168.441657237
wide-random-03	R	29	759.701447388	146.316196671	759.701447388	146.316196671	759.701447388	146.316196671
wide-random-04	R	0	345.570109203	112.286698522	345.570109203	112.286698522	345.570109203	112.286698522
wide-random-04	R	1	390.323301722	123.979759297	390.323301722	123.979759297	390.323301722	123.979759297
wide-random-04	R	2	444.027132744	138.011432226	444.027132744	138.011432226	444.027132744	138.011432226
wide-random-04	R	3	488.780325262	149.704493	488.780325262	149.704493	488.780325262	149.704493
wide-random-04	R	4	551.434794788	166.074778084	551.434794788	166.074778084	551.434794788	166.074778084
wide-random-04	R	5	614.089264314	182.445063169	614.089264314	182.445063169	614.089264314	182.445063169
wide-random-04	R	6	622.654230781	198.602731246	622.654230781	198.602731246	622.654230781	198.602731246
wide-random-04	R	7	559.236525736	186.074809502	559.236525736	186.074809502	559.236525736	186.074809502
wide-random-04	R	8	495.818820691	173.546887758	495.818820691	173.546887758	495.818820691	173.546887758
wide-random-04	R	9	450.520459944	164.598372226	450.520459944	164.598372226	450.520459944	164.598372226
wide-random-04	R	10	396.162427048	153.860153588	396.162427048	153.860153588	396.162427048	153.860153588
wide-random-04	R	11	350.864066302	144.911638057	350.864066302	144.911638057	350.864066302	144.911638057
wide-random-04	R	12	357.481512674	185.692812476	357.481512674	185.692812476	357.481512674	185.692812476
wide-random-04	R	13	403.461333706	191.210646453	403.461333706	191.210646453	403.461333706	191.210646453
wide-random-04	R	14	458.637118944	197.832047227	458.637118944	197.832047227	458.637118944	197.832047227
wide-random-04	R	15	504.616939976	203.349881204	504.616939976	203.349881204	504.616939976	203.349881204
wide-random-04	R	16	568.988689421	211.074848773	568.988689421	211.074848773	568.988689421	211.074848773
wide-random-04	R	17	633.360438866	218.799816342	633.360438866	218.799816342	633.360438866	218.799816342
wide-random-04	R	18	646.207888567	243.036318458	646.207888567	243.036318458	646.207888567	243.036318458
wide-random-04	R	19	580.691285843	241.074895899	580.691285843	241.074895899	580.691285843	241.074895899
wide-random-04	R	20	515.174683119	239.11347334	515.174683119	239.11347334	515.174683119	239.11347334
wide-random-04	R	21	468.377109745	237.712457227	468.377109745	237.712457227	468.377109745	237.712457227
wide-random-04	R	22	412.220021695	236.031237891	412.220021695	236.031237891	412.220021695	236.031237891
wide-random-04	R	23	365.422448321	234.630221778	365.422448321	234.630221778	365.422448321	234.630221778
wide-random-04	R	24	372.039894694	275.411396196	372.039894694	275.411396196	372.039894694	275.411396196
wide-random-04	R	25	419.518928353	273.381730756	419.518928353	273.381730756	419.518928353	273.381730756
wide-random-04	R	26	476.493768745	270.946132228	476.493768745	270.946132228	476.493768745	270.946132228
wide-random-04	R	27	523.972802404	268.916466787	523.972802404	268.916466787	523.972802404	268.916466787
wide-random-04	R	28	590.443449528	266.07493517	590.443449528	266.07493517	590.443449528	266.07493517
wide-random-04	R	29	656.914096652	263.233403554	656.914096652	263.233403554	656.914096652	263.233403554
wide-random-05	R	0	161.859986532	115.77118005	161.859986532	115.77118005	161.859986532	115.77118005
wide-random-05	R	1	261.575592994	135.183180375	261.575592994	135.183180375	261.575592994	135.183180375
wide-random-05	R	2	381.234320749	158.477580764	381.234320749	158.477580764	381.234320749	158.477580764
wide-random-05	R	3	480.949927211	177.889581089	480.949927211	177.889581089	480.949927211	177.889581089
wide-random-05	R	4	620.551776257	205.066381543	620.551776257	205.066381543	620.551776257	205.066381543
wide-random-05	R	5	760.153625304	232.243181998	760.153625304	232.243181998	760.153625304	232.243181998
wide-random-05	R	6	769.202638644	224.040461982	769.202638644	224.040461982	769.202638644	224.040461982
wide-random-05	R	7	635.269695871	204.767026561	635.269695871	204.767026561	635.269695871	204.767026561
wide-random-05	R	8	501.336753098	185.49359114	501.336753098	185.49359114	501.336753098	185.49359114
wide-random-05	R	9	405.670365403	171.726851554	405.670365403	171.726851554	405.670365403	171.726851554
wide-random-05	R	10	290.870700168	155.20676405	290.870700168	155.20676405	290.870700168	155.20676405
wide-random-05	R	11	195.204312473	141.440024464	195.204312473	141.440024464	195.204312473	141.440024464
wide-random-05	R	12	236.884719899	173.526079982	236.884719899	173.526079982	236.884719899	173.526079982
wide-random-05	R	13	327.489584136	180.236243645	327.489584136	180.236243645	327.489584136	180.236243645
wide-random-05	R	14	436.21542122	188.288440041	436.21542122	188.288440041	436.21542122	188.288440041
wide-random-05	R	15	526.820285456	194.998603705	526.820285456	194.998603705	526.820285456	194.998603705
wide-random-05	R	16	653.667095388	204.392832833	653.667095388	204.392832833	653.667095388	204.392832833
wide-random-05	R	17	780.513905319	213.787061962	780.513905319	213.787061962	780.513905319	213.787061962
wide-random-05	R	18	794.087425329	201.482981938	794.087425329	201.482981938	794.087425329	201.482981938
wide-random-05	R	19	675.743974808	203.94380036	675.743974808	203.94380036	675.743974808	203.94380036
wide-random-05	R	20	557.400524287	206.404618782	557.400524287	206.404618782	557.400524287	206.404618782
wide-random-05	R	21	472.8694882	208.162346226	472.8694882	208.162346226	472.8694882	208.162346226
wide-random-05	R	22	371.432244897	210.271619159	371.432244897	210.271619159	371.432244897	210.271619159
wide-random-05	R	23	286.90120881	212.029346603	286.90120881	212.029346603	286.90120881	212.029346603
wide-random-05	R	24	328.581616236	244.11540212	328.581616236	244.11540212	328.581616236	244.11540212
wide-random-05	R	25	408.051128864	235.301098753	408.051128864	235.301098753	408.051128864	235.301098753
wide-random-05	R	26	503.414544018	224.723934713	503.414544018	224.723934713	503.414544018	224.723934713
wide-random-05	R	27	582.884056645	215.909631346	582.884056645	215.909631346	582.884056645	215.909631346
wide-random-05	R	28	694.141374324	203.569606632	694.141374324	203.569606632	694.141374324	203.569606632
wide-random-05	R	29	805.398692003	191.229581918	805.398692003	191.229581918	805.398692003	191.229581918
FDP.curves('fx')	S	0	100	200	90	150	110	250
FDP.curves('fx')	S	1	220	300	150	300	290	300
FDP.curves('fx')	S	2	400	260	380	300	420	220
FDP.curves('fx')	S	3	330	100	390	110	270	90
FDP.curves('fx')	S	4	160	120	230	90	120	140
curves-convex-general	R	0	89.568428479	213.512302281	52.79994594	153.515070761	125.565738493	272.663957118
curves-convex-general	R	1	258.479968598	322.527094345	190.098303768	328.437152994	326.861633428	316.617035696
curves-convex-general	R	2	422.898274005	269.818192405	414.780916782	309.018388863	432.249507267	231.970918641
curves-convex-general	R	3	298.039148634	113.843744401	368.838257073	128.38735978	226.314633166	98.285437003
curves-convex-general	R	4	115.161284126	122.261708963	180.761546915	94.559769235	80.562301691	143.041766777
curves-random-00	R	0	131.974969572	231.834272182	109.393989746	195.931030909	154.22385084	268.039533958
curves-random-00	R	1	275.867823735	305.834816768	206.058790603	304.933216396	345.676856866	306.73641714
curves-random-00	R	2	449.673858411	275.546994109	435.431328034	307.895617618	464.447746484	242.715137795
curves-random-00	R	3	352.403814806	148.448786317	417.684248404	153.718694454	286.724862936	143.541302785
curves-random-00	R	4	176.021767378	171.38129591	244.044358961	145.563074798	138.450987438	187.65244031
curves-random-01	R	0	78.359766464	187.799306926	34.848760622	151.196143669	120.783419514	226.323677251
curves-random-01	R	1	249.755363265	294.108898259	188.41041282	274.971147728	311.10031371	313.24664879
curves-random-01	R	2	394.054625207	290.864964348	389.972392853	337.852328043	399.876622027	240.803669343
curves-random-01	R	3	263.707150301	88.802943101	332.806729261	95.073946848	193.302747991	84.837387837
curves-random-01	R	4	89.698303021	124.65244156	149.114727144	90.039669765	59.62672933	143.018161633
curves-random-02	R	0	110.141998931	275.207890792	122.980470176	199.154620673	97.316226465	352.951204516
curves-random-02	R	1	183.50389698	446.468976316	114.203376037	436.609886188	252.804417923	456.328066443
curves-random-02	R	2	379.728449214	389.79648382	341.905087706	469.004039465	417.531492677	307.884858405
curves-random-02	R	3	382.698561825	75.500250023	437.439549971	84.007480704	327.972812212	69.02107167
curves-random-02	R	4	205.756494652	141.918237997	288.479184262	77.583672174	157.164908681	180.000761249
curves-random-03	R	0	104.847111499	143.728953635	91.773578946	83.150470954	117.878362254	202.289893984
curves-random-03	R	1	215.028361634	255.31279496	156.115640338	257.777142888	273.941082931	252.848447032
curves-random-03	R	2	363.350392527	226.863033173	349.686010312	249.679999695	377.082425619	207.274134383
curves-random-03	R	3	291.174430572	112.630319983	342.974614554	140.458500765	239.323508432	82.381088401
curves-random-03	R	4	148.449962274	70.759362388	205.303929156	66.841931621	116.301811162	79.995927029
